product_name,match,miss,missing 
ASPALL DRY SUFFOLK CYDER PREMIER CRU 500ML,ARMAGNAC XO CH. DU TARIQUET 70CL,#N/A,"Apple Cider, bottle, 4.5%-5.5% ABV"
ASPALL ORGANIC SUFFOLK CYDER 500ML,ARMAGNAC XO CH. DU TARIQUET 70CL,#N/A,"Apple Cider, bottle, 4.5%-5.5% ABV"
ASPALL PERRONELLE'S BLUSH SUFFOLK CYDER 500ML,ARMAGNAC XO CH. DU TARIQUET 70CL,#N/A,"Apple Cider, bottle, 4.5%-5.5% ABV"
BULMERS ORIGINAL CIDER 568ML,BRAZIN OLD VINE ZINFANDEL CALIFORNIAN RED WINE 75CL,#N/A,"Apple Cider, bottle, 4.5%-5.5% ABV"
BULMERS PEAR CIDER 568ML,BRAZIN OLD VINE ZINFANDEL CALIFORNIAN RED WINE 75CL,#N/A,"Apple Cider, bottle, 4.5%-5.5% ABV"
FROME VALLEY DRY CIDER 500ML,FLEURIE BOUCHARD PÈRE 75CL,#N/A,"Apple Cider, bottle, 4.5%-5.5% ABV"
HENRY WESTONS VINTAGE PERRY 500ML,HEIRLOOM TOMATO PER KG,#N/A,"Apple Cider, bottle, 4.5%-5.5% ABV"
KOPPARBERG MIXED FRUITS SPARKLING FRUIT CIDER SWEDEN 4X330ML,KINGSMILL WHOLEMEAL MEDIUM 800G,#N/A,"Apple Cider, bottle, 4.5%-5.5% ABV"
MAGNERS ORIGINAL IRISH CIDER 12X440ML,MACON VILLAGES CHAPELLE LES LOUPS FRENCH WHITE WINE 75CL,#N/A,"Apple Cider, bottle, 4.5%-5.5% ABV"
OLD MOUT CIDER SUMMER BERRIES 500ML,OLD JAMAICA GINGER BEER 1.5LITRE,#N/A,"Apple Cider, bottle, 4.5%-5.5% ABV"
ORCHARD PIG CHARMER MEDIUM SPARKLING CIDER 50CL,OLD PULTENEY SINGLE MALT WHISKY 12 YEARS OLD 70CL,#N/A,"Apple Cider, bottle, 4.5%-5.5% ABV"
SHEPPY'S DABINETT APPLE CIDER 500ML,SEEDS OF CHANGE ORGANIC TORTIGLIONI SEMI WHOLEWHEAT PASTA 500G,#N/A,"Apple Cider, bottle, 4.5%-5.5% ABV"
SOMERSBY CIDER 4X440ML,SNOW LEOPARD PREMIUM VODKA 70CL,#N/A,"Apple Cider, bottle, 4.5%-5.5% ABV"
STELLA ARTOIS CIDRE 568ML,STAPLETON RASPBERRY LOW FAT YOGURT 150G,#N/A,"Apple Cider, bottle, 4.5%-5.5% ABV"
STELLA ARTOIS CIDRE PEAR 568ML,STAPLETON RASPBERRY LOW FAT YOGURT 150G,#N/A,"Apple Cider, bottle, 4.5%-5.5% ABV"
STRONGBOW CIDER 4X500ML,STONEBAKED SPELT BREAD 400G,#N/A,"Apple Cider, bottle, 4.5%-5.5% ABV"
STRONGBOW CIDER CANS 10X440ML,STONEBAKED SPELT BREAD 400G,#N/A,"Apple Cider, bottle, 4.5%-5.5% ABV"
STRONGBOW DARK FRUITS CIDER 4X440ML,STONEBAKED SPELT BREAD 400G,#N/A,"Apple Cider, bottle, 4.5%-5.5% ABV"
THE ORCHARD PIG TRUFFLER DRY SPARKLING CIDER 50CL,THE MACALLAN GOLD SINGLE MALT WHISKY HIGHLANDS 700ML,#N/A,"Apple Cider, bottle, 4.5%-5.5% ABV"
VINTAGE HENNEY'S STILL CIDER 500ML,VINE TOMATOES 270G,#N/A,"Apple Cider, bottle, 4.5%-5.5% ABV"
WAITROSE VINTAGE ENGLISH CIDER 500ML,WAITROSE TROPICAL JUICE 1 LITRE,#N/A,"Apple Cider, bottle, 4.5%-5.5% ABV"
WESTONS OLD ROSIE 2L,WEETABIX OATIBIX FLAKES 550G,#N/A,"Apple Cider, bottle, 4.5%-5.5% ABV"
WESTONS OLD ROSIE CLOUDY SCRUMPY 500ML,WEETABIX OATIBIX FLAKES 550G,#N/A,"Apple Cider, bottle, 4.5%-5.5% ABV"
WESTONS ORGANIC PREMIUM CIDER 500ML,WEETABIX OATIBIX FLAKES 550G,#N/A,"Apple Cider, bottle, 4.5%-5.5% ABV"
BRAEBURN APPLES PER KG,BRAEBURN APPLES PER KG,1,"Apples, dessert, per kg"
BRAMLEY COOKING APPLES PER KG,BRAMLEY COOKING APPLES PER KG,1,"Apples, dessert, per kg"
ESSENTIAL WAITROSE BRAEBURN APPLES MINIMUM 6,ESSENTIAL WAITROSE BRAEBURN APPLES MINIMUM 6,1,"Apples, dessert, per kg"
ESSENTIAL WAITROSE BRAMLEY APPLES MIN 4,ESSENTIAL WAITROSE BRAMLEY APPLES MIN 4,1,"Apples, dessert, per kg"
ESSENTIAL WAITROSE GALA APPLES MINIMUM 6,ESSENTIAL WAITROSE GALA APPLES MINIMUM 6,1,"Apples, dessert, per kg"
ESSENTIAL WAITROSE GOLDEN DELICIOUS APPLES MIN 6,ESSENTIAL WAITROSE GOLDEN DELICIOUS APPLES MIN 6,1,"Apples, dessert, per kg"
ESSENTIAL WAITROSE GRANNY SMITH APPLES MINIMUM 5,ESSENTIAL WAITROSE GRANNY SMITH APPLES MINIMUM 5,1,"Apples, dessert, per kg"
ESSENTIAL WAITROSE JAZZ APPLES MIN 6,ESSENTIAL WAITROSE JAZZ APPLES MIN 6,1,"Apples, dessert, per kg"
ESSENTIAL WAITROSE MINI APPLES 6S,ESSENTIAL WAITROSE MINI APPLES 6S,1,"Apples, dessert, per kg"
ESSENTIAL WAITROSE PINK LADY APPLES MINIMUM 6,ESSENTIAL WAITROSE PINK LADY APPLES MINIMUM 6,1,"Apples, dessert, per kg"
ESSENTIAL WAITROSE RED DESSERT APPLES MINIMUM 5,ESSENTIAL WAITROSE RED DESSERT APPLES MINIMUM 5,1,"Apples, dessert, per kg"
GOLDEN DELICIOUS APPLES PER KG,GOLDEN DELICIOUS APPLES PER KG,1,"Apples, dessert, per kg"
GRANNY SMITH APPLES PER KG,GRANNY SMITH APPLES PER KG,1,"Apples, dessert, per kg"
PINK LADY APPLES PER KG,PINK LADY APPLES PER KG,1,"Apples, dessert, per kg"
ROYAL GALA APPLES PER KG,ROYAL GALA APPLES PER KG,1,"Apples, dessert, per kg"
WAITROSE BRAEBURN APPLES TRAYPACK 4S,WAITROSE BRAEBURN APPLES TRAYPACK 4S,1,"Apples, dessert, per kg"
WAITROSE JAZZ APPLES TRAYPACK 4S,WAITROSE JAZZ APPLES TRAYPACK 4S,1,"Apples, dessert, per kg"
WAITROSE ORGANIC BEST OF BRITISH APPLES MINIMUM 4,WAITROSE ORGANIC BEST OF BRITISH APPLES MINIMUM 4,1,"Apples, dessert, per kg"
WAITROSE ORGANIC BRAEBURN APPLES MINIMUM 4,WAITROSE ORGANIC BRAEBURN APPLES MINIMUM 4,1,"Apples, dessert, per kg"
WAITROSE ORGANIC GALA APPLES MINIMUM 5,WAITROSE ORGANIC GALA APPLES MINIMUM 5,1,"Apples, dessert, per kg"
WAITROSE ORGANIC PINK LADY APPLES MINIMUM 4,WAITROSE ORGANIC PINK LADY APPLES MINIMUM 4,1,"Apples, dessert, per kg"
WAITROSE PINK LADY APPLES 4S,WAITROSE PINK LADY APPLES 4S,1,"Apples, dessert, per kg"
WAITROSE RED DELICIOUS APPLES 4S,WAITROSE RED DELICIOUS APPLES 4S,1,"Apples, dessert, per kg"
WAITROSE ROYAL GALA APPLES 4S,WAITROSE ROYAL GALA APPLES 4S,1,"Apples, dessert, per kg"
ESSENTIAL WAITROSE FAIRTRADE 5 BANANAS IN A BAG 5S,ESSENTIAL WAITROSE FAIRTRADE 5 BANANAS IN A BAG 5S,1,"Bananas, per kg"
ESSENTIAL WAITROSE FAIRTRADE BANANAS LOOSE PER KG,ESSENTIAL WAITROSE FAIRTRADE BANANAS LOOSE PER KG,1,"Bananas, per kg"
WAITROSE FAIRTRADE 6 BANANAS X6,WAITROSE FAIRTRADE 6 BANANAS X6,1,"Bananas, per kg"
WAITROSE FAIRTRADE 7 SMALL CARIBBEAN BANANAS IN A BAG 7S,WAITROSE FAIRTRADE 7 SMALL CARIBBEAN BANANAS IN A BAG 7S,1,"Bananas, per kg"
WAITROSE FAIRTRADE ORGANIC 5 BANANAS IN A BAG 5S,WAITROSE FAIRTRADE ORGANIC 5 BANANAS IN A BAG 5S,1,"Bananas, per kg"
ADNAMS BROADSIDE STRONG ORIGINAL ALE 500ML,ABSOLUT VODKA RASPBERRI 700ML,#N/A,"Bitter, 4 cans, 3.4%-7.5% ABV"
ADNAMS GHOST SHIP 500ML,ABSOLUT VODKA RASPBERRI 700ML,#N/A,"Bitter, 4 cans, 3.4%-7.5% ABV"
ADNAMS THE BITTER 500ML,ABSOLUT VODKA RASPBERRI 700ML,#N/A,"Bitter, 4 cans, 3.4%-7.5% ABV"
BADGER BREWERY GOLDEN CHAMPION ALE 500ML,BACARDI SUPERIOR RUM 70CL,#N/A,"Bitter, 4 cans, 3.4%-7.5% ABV"
BADGER BREWERY GOLDEN GLORY ALE 500ML,BACARDI SUPERIOR RUM 70CL,#N/A,"Bitter, 4 cans, 3.4%-7.5% ABV"
BADGER BREWERY TANGLEFOOT 4X500ML,BACARDI SUPERIOR RUM 70CL,#N/A,"Bitter, 4 cans, 3.4%-7.5% ABV"
BADGER FIRST GOLD 500ML,BACARDI SUPERIOR RUM 70CL,#N/A,"Bitter, 4 cans, 3.4%-7.5% ABV"
BADGER FURSTY FERRET ALE 4X500ML,BACARDI SUPERIOR RUM 70CL,#N/A,"Bitter, 4 cans, 3.4%-7.5% ABV"
BADGER FURSTY FERRET ALE 500ML,BACARDI SUPERIOR RUM 70CL,#N/A,"Bitter, 4 cans, 3.4%-7.5% ABV"
BADGER HOPPING HARE 500ML,BACARDI SUPERIOR RUM 70CL,#N/A,"Bitter, 4 cans, 3.4%-7.5% ABV"
BATH GEM ALE 500ML,BARON DE LEY CLUB PRIVADO RIOJA SPANISH RED WINE 75CL,#N/A,"Bitter, 4 cans, 3.4%-7.5% ABV"
BRAINS SA GOLD 500ML,BRAEBURN APPLES PER KG,#N/A,"Bitter, 4 cans, 3.4%-7.5% ABV"
BRAKSPEAR OXFORD GOLD BEER 500ML,BRAEBURN APPLES PER KG,#N/A,"Bitter, 4 cans, 3.4%-7.5% ABV"
ERDINGER WEIßBIER 50CL,ECHALION SHALLOTS PER KG,#N/A,"Bitter, 4 cans, 3.4%-7.5% ABV"
FULLER'S LONDON PORTER 500ML,FLEURIE BOUCHARD PÈRE 75CL,#N/A,"Bitter, 4 cans, 3.4%-7.5% ABV"
INNIS & GUNN ORIGINAL OAK AGED BEER 330ML,HOVIS WHOLEMEAL THICK 800G,#N/A,"Bitter, 4 cans, 3.4%-7.5% ABV"
INNIS & GUNN RUM CASK OAK AGED BEER 330ML,HOVIS WHOLEMEAL THICK 800G,#N/A,"Bitter, 4 cans, 3.4%-7.5% ABV"
MARSTON'S PEDIGREE 500ML,MARIS PIPER POTATOES 2.5KG,#N/A,"Bitter, 4 cans, 3.4%-7.5% ABV"
OLD GOLDEN HEN 500ML,NESTLE VARIETY PACK 8S,#N/A,"Bitter, 4 cans, 3.4%-7.5% ABV"
OLD SPECKLED HEN STRONG FINE ALE 500ML,OLD PULTENEY SINGLE MALT WHISKY 12 YEARS OLD 70CL,#N/A,"Bitter, 4 cans, 3.4%-7.5% ABV"
SIERRA NEVADA PALE ALE 350ML,SHREDDIES 750G,#N/A,"Bitter, 4 cans, 3.4%-7.5% ABV"
THWAITES VERY NUTTY BLACK 500ML,THREE BARRELS FRENCH BRANDY VSOP 35CL,#N/A,"Bitter, 4 cans, 3.4%-7.5% ABV"
THWAITES WAINWRIGHT GOLDEN ALE 500ML,THREE BARRELS FRENCH BRANDY VSOP 35CL,#N/A,"Bitter, 4 cans, 3.4%-7.5% ABV"
WADWORTH BEER 4X500ML,VOGELS WHOLEMEAL & OAT LOAF 800G,#N/A,"Bitter, 4 cans, 3.4%-7.5% ABV"
ARMAGNAC XO CH. DU TARIQUET 70CL,ARMAGNAC XO CH. DU TARIQUET 70CL,1,"Brandy, bottle"
CARLOS III BRANDY DE JEREZ 1L,CARLOS III BRANDY DE JEREZ 1L,1,"Brandy, bottle"
CHERRY BRANDY GABRIEL BOUDIER 50CL,CHERRY BRANDY GABRIEL BOUDIER 50CL,1,"Brandy, bottle"
COURVOISIER COGNAC VS 1L,COURVOISIER COGNAC VS 1L,1,"Brandy, bottle"
COURVOISIER COGNAC VS 70CL,COURVOISIER COGNAC VS 70CL,1,"Brandy, bottle"
COURVOISIER VS COGNAC 35CL,COURVOISIER VS COGNAC 35CL,1,"Brandy, bottle"
COURVOISIER VSOP COGNAC 70CL,COURVOISIER VSOP COGNAC 70CL,1,"Brandy, bottle"
DOMECQ 1820 SOLERA RESERVA BRANDY 50CL,DOMECQ 1820 SOLERA RESERVA BRANDY 50CL,1,"Brandy, bottle"
HINE RARE VSOP COGNAC 70CL,HINE RARE VSOP COGNAC 70CL,1,"Brandy, bottle"
JANNEAU OLD ARMAGNAC 8 YEARS OLD 500ML,JANNEAU OLD ARMAGNAC 8 YEARS OLD 500ML,1,"Brandy, bottle"
MARTEL VS FINE COGNAC 35CL,MARTEL VS FINE COGNAC 35CL,1,"Brandy, bottle"
MARTELL COGNAC VS 70CL,MARTELL COGNAC VS 70CL,1,"Brandy, bottle"
MARTELL VSOP COGNAC 70CL,MARTELL VSOP COGNAC 70CL,1,"Brandy, bottle"
RÉMY MARTIN CHAMPAGNE COGNAC V.S.O.P 350ML,RÉMY MARTIN CHAMPAGNE COGNAC V.S.O.P 350ML,1,"Brandy, bottle"
REMY MARTIN COGNAC VSOP 70CL,REMY MARTIN COGNAC VSOP 70CL,1,"Brandy, bottle"
THREE BARRELS FRENCH BRANDY 70CL,THREE BARRELS FRENCH BRANDY 70CL,1,"Brandy, bottle"
THREE BARRELS FRENCH BRANDY VSOP 35CL,THREE BARRELS FRENCH BRANDY VSOP 35CL,1,"Brandy, bottle"
TORRES 10 YEAR OLD GRAN RESERVA BRANDY 70CL,TORRES 10 YEAR OLD GRAN RESERVA BRANDY 70CL,1,"Brandy, bottle"
WAITROSE 3 YEAR OLD FRENCH BRANDY 1L,WAITROSE 3 YEAR OLD FRENCH BRANDY 1L,1,"Brandy, bottle"
WAITROSE 3 YEAR OLD FRENCH BRANDY 70CL,WAITROSE 3 YEAR OLD FRENCH BRANDY 70CL,1,"Brandy, bottle"
WAITROSE ARMAGNAC VSOP 70CL,WAITROSE ARMAGNAC VSOP 70CL,1,"Brandy, bottle"
WAITROSE COGNAC VSOP 70CL,WAITROSE COGNAC VSOP 70CL,1,"Brandy, bottle"
WAITROSE FRENCH BRANDY 3YO 35CL,WAITROSE FRENCH BRANDY 3YO 35CL,1,"Brandy, bottle"
CHEERIOS 375G,CHEERIOS 375G,1,"Breakfast Cereal 1, sugar/chocolate coated"
CHEERIOS 600G,CHEERIOS 600G,1,"Breakfast Cereal 1, sugar/chocolate coated"
COCO SHREDDIES 500G,COCO SHREDDIES 500G,1,"Breakfast Cereal 1, sugar/chocolate coated"
CURIOUSLY CINNAMON 375G,CURIOUSLY CINNAMON 375G,1,"Breakfast Cereal 1, sugar/chocolate coated"
ESSENTIAL WAITROSE - MALTED WHEATS 750G,ESSENTIAL WAITROSE - MALTED WHEATS 750G,1,"Breakfast Cereal 1, sugar/chocolate coated"
ESSENTIAL WAITROSE - MULTIGRAIN HOOPS 375G,ESSENTIAL WAITROSE - MULTIGRAIN HOOPS 375G,1,"Breakfast Cereal 1, sugar/chocolate coated"
ESSENTIAL WAITROSE CHOCO POPS 600G,ESSENTIAL WAITROSE CHOCO POPS 600G,1,"Breakfast Cereal 1, sugar/chocolate coated"
ESSENTIAL WAITROSE RICE POPS 440G,ESSENTIAL WAITROSE RICE POPS 440G,1,"Breakfast Cereal 1, sugar/chocolate coated"
HONEY CHEERIOS 375G,HONEY CHEERIOS 375G,1,"Breakfast Cereal 1, sugar/chocolate coated"
KELLOGG'S COCO POPS 550G,KELLOGG'S COCO POPS 550G,1,"Breakfast Cereal 1, sugar/chocolate coated"
KELLOGG'S FROSTIES 750G,KELLOGG'S FROSTIES 750G,1,"Breakfast Cereal 1, sugar/chocolate coated"
KELLOGG'S RICE KRISPIES 700G,KELLOGG'S RICE KRISPIES 700G,1,"Breakfast Cereal 1, sugar/chocolate coated"
KELLOGG'S RICE KRISPIES MULTIGRAIN SHAPES 350G,KELLOGG'S RICE KRISPIES MULTIGRAIN SHAPES 350G,1,"Breakfast Cereal 1, sugar/chocolate coated"
KELLOGG'S VARIETY PACK 8S,KELLOGG'S VARIETY PACK 8S,1,"Breakfast Cereal 1, sugar/chocolate coated"
NESTLE VARIETY PACK 8S,NESTLE VARIETY PACK 8S,1,"Breakfast Cereal 1, sugar/chocolate coated"
SHREDDIES 500G,SHREDDIES 500G,1,"Breakfast Cereal 1, sugar/chocolate coated"
SHREDDIES 750G,SHREDDIES 750G,1,"Breakfast Cereal 1, sugar/chocolate coated"
WEETABIX 12S,WEETABIX 12S,1,"Breakfast Cereal 1, sugar/chocolate coated"
WEETABIX 24S,WEETABIX 24S,1,"Breakfast Cereal 1, sugar/chocolate coated"
WEETABIX 48S,WEETABIX 48S,1,"Breakfast Cereal 1, sugar/chocolate coated"
WEETABIX 72S,WEETABIX 72S,1,"Breakfast Cereal 1, sugar/chocolate coated"
WEETABIX CRISPY MINIS CHOCOLATE CHIP 500G,WEETABIX CRISPY MINIS CHOCOLATE CHIP 500G,1,"Breakfast Cereal 1, sugar/chocolate coated"
WEETABIX OATIBIX BISCUITS 24S,WEETABIX OATIBIX BISCUITS 24S,1,"Breakfast Cereal 1, sugar/chocolate coated"
WEETABIX OATIBIX FLAKES 550G,WEETABIX OATIBIX FLAKES 550G,1,"Breakfast Cereal 1, sugar/chocolate coated"
ESSENTIAL WAITROSE - WHOLEWHEAT BISCUITS 24S,ESSENTIAL WAITROSE - WHOLEWHEAT BISCUITS 24S,1,"Breakfast Cereal 2, NOT sugar/chocolate coated"
ESSENTIAL WAITROSE BRAN FLAKES 750G,ESSENTIAL WAITROSE BRAN FLAKES 750G,1,"Breakfast Cereal 2, NOT sugar/chocolate coated"
ESSENTIAL WAITROSE FRUIT & FIBRE 750G,ESSENTIAL WAITROSE FRUIT & FIBRE 750G,1,"Breakfast Cereal 2, NOT sugar/chocolate coated"
ESSENTIAL WAITROSE WHOLEGRAIN APRICOT WHEATS 500G,ESSENTIAL WAITROSE WHOLEGRAIN APRICOT WHEATS 500G,1,"Breakfast Cereal 2, NOT sugar/chocolate coated"
ESSENTIAL WAITROSE WHOLEGRAIN CRANBERRY WHEATS 500G,ESSENTIAL WAITROSE WHOLEGRAIN CRANBERRY WHEATS 500G,1,"Breakfast Cereal 2, NOT sugar/chocolate coated"
KELLOGG'S ALL-BRAN FIBRE PLUS 750G,KELLOGG'S ALL-BRAN FIBRE PLUS 750G,1,"Breakfast Cereal 2, NOT sugar/chocolate coated"
KELLOGG'S BRAN FLAKES 500G,KELLOGG'S BRAN FLAKES 500G,1,"Breakfast Cereal 2, NOT sugar/chocolate coated"
KELLOGG'S BRAN FLAKES 750G,KELLOGG'S BRAN FLAKES 750G,1,"Breakfast Cereal 2, NOT sugar/chocolate coated"
KELLOGG'S BRAN FLAKES SULTANA BRAN 500G,KELLOGG'S BRAN FLAKES SULTANA BRAN 500G,1,"Breakfast Cereal 2, NOT sugar/chocolate coated"
KELLOGG'S FRUIT N FIBRE 500G,KELLOGG'S FRUIT N FIBRE 500G,1,"Breakfast Cereal 2, NOT sugar/chocolate coated"
KELLOGG'S FRUIT'N FIBRE 750G,KELLOGG'S FRUIT'N FIBRE 750G,1,"Breakfast Cereal 2, NOT sugar/chocolate coated"
KELLOGG'S JUST RIGHT 500G,KELLOGG'S JUST RIGHT 500G,1,"Breakfast Cereal 2, NOT sugar/chocolate coated"
KELLOGG'S SPECIAL K 400G,KELLOGG'S SPECIAL K 400G,1,"Breakfast Cereal 2, NOT sugar/chocolate coated"
KELLOGG'S SPECIAL K 550G,KELLOGG'S SPECIAL K 550G,1,"Breakfast Cereal 2, NOT sugar/chocolate coated"
KELLOGG'S SPECIAL K PEACH & APRICOT 320G,KELLOGG'S SPECIAL K PEACH & APRICOT 320G,1,"Breakfast Cereal 2, NOT sugar/chocolate coated"
KELLOGG'S SPECIAL K RED BERRIES 320G,KELLOGG'S SPECIAL K RED BERRIES 320G,1,"Breakfast Cereal 2, NOT sugar/chocolate coated"
KELLOGG'S SPECIAL K RED BERRIES 500G,KELLOGG'S SPECIAL K RED BERRIES 500G,1,"Breakfast Cereal 2, NOT sugar/chocolate coated"
KELLOGGS ALL BRAN GOLDEN CRUNCH 390G,KELLOGGS ALL BRAN GOLDEN CRUNCH 390G,1,"Breakfast Cereal 2, NOT sugar/chocolate coated"
LOVE LIFE YOU COUNT TOASTED RICE & WHEAT FLAKES 500G,LOVE LIFE YOU COUNT TOASTED RICE & WHEAT FLAKES 500G,1,"Breakfast Cereal 2, NOT sugar/chocolate coated"
SHREDDED WHEAT 16S,SHREDDED WHEAT 16S,1,"Breakfast Cereal 2, NOT sugar/chocolate coated"
SHREDDED WHEAT 30S,SHREDDED WHEAT 30S,1,"Breakfast Cereal 2, NOT sugar/chocolate coated"
SHREDDED WHEAT BITESIZE 500G,SHREDDED WHEAT BITESIZE 500G,1,"Breakfast Cereal 2, NOT sugar/chocolate coated"
SHREDDED WHEAT BITESIZE 750G,SHREDDED WHEAT BITESIZE 750G,1,"Breakfast Cereal 2, NOT sugar/chocolate coated"
SHREDDED WHEAT HONEY NUT 500G,SHREDDED WHEAT HONEY NUT 500G,1,"Breakfast Cereal 2, NOT sugar/chocolate coated"
CATHEDRAL CITY MATURE CHEDDAR CHEESE 350G,CATHEDRAL CITY MATURE CHEDDAR CHEESE 350G,1,"Cheese Cheddar, home produced, per kg"
"CATHEDRAL CITY MATURE CHEDDAR CHEESE, 8 SLICES 150G","CATHEDRAL CITY MATURE CHEDDAR CHEESE, 8 SLICES 150G",1,"Cheese Cheddar, home produced, per kg"
"CATHEDRAL CITY MATURE LIGHTER CHEESE, 8 SLICES 150G","CATHEDRAL CITY MATURE LIGHTER CHEESE, 8 SLICES 150G",1,"Cheese Cheddar, home produced, per kg"
CATHEDRAL CITY VINTAGE CHEDDAR CHEESE 300G,CATHEDRAL CITY VINTAGE CHEDDAR CHEESE 300G,1,"Cheese Cheddar, home produced, per kg"
ESSENTIAL WAITROSE 10 SLICES MATURE 4 SLICED CHEDDAR 250G 250G,ESSENTIAL WAITROSE 10 SLICES MATURE 4 SLICED CHEDDAR 250G 250G,1,"Cheese Cheddar, home produced, per kg"
"ESSENTIAL WAITROSE ENGLISH EXTRA MATURE CHEDDAR CHEESE, STRENGTH 6 300G","ESSENTIAL WAITROSE ENGLISH EXTRA MATURE CHEDDAR CHEESE, STRENGTH 6 300G",1,"Cheese Cheddar, home produced, per kg"
"ESSENTIAL WAITROSE ENGLISH EXTRA MATURE CHEDDAR, STRENGTH 6 500G","ESSENTIAL WAITROSE ENGLISH EXTRA MATURE CHEDDAR, STRENGTH 6 500G",1,"Cheese Cheddar, home produced, per kg"
"ESSENTIAL WAITROSE ENGLISH EXTRA MATURE CHEDDAR, STRENGTH 6, 10 SLICES 250G","ESSENTIAL WAITROSE ENGLISH EXTRA MATURE CHEDDAR, STRENGTH 6, 10 SLICES 250G",1,"Cheese Cheddar, home produced, per kg"
"ESSENTIAL WAITROSE ENGLISH EXTRA MATURE GRATED CHEDDAR CHEESE, STRENGTH 6 250G","ESSENTIAL WAITROSE ENGLISH EXTRA MATURE GRATED CHEDDAR CHEESE, STRENGTH 6 250G",1,"Cheese Cheddar, home produced, per kg"
"ESSENTIAL WAITROSE ENGLISH MATURE CHEDDAR CHEESE, STRENGTH 4 300G","ESSENTIAL WAITROSE ENGLISH MATURE CHEDDAR CHEESE, STRENGTH 4 300G",1,"Cheese Cheddar, home produced, per kg"
"ESSENTIAL WAITROSE ENGLISH MATURE CHEDDAR CHEESE, STRENGTH 4 500G","ESSENTIAL WAITROSE ENGLISH MATURE CHEDDAR CHEESE, STRENGTH 4 500G",1,"Cheese Cheddar, home produced, per kg"
"ESSENTIAL WAITROSE ENGLISH MATURE GRATED CHEDDAR CHEESE, STRENGTH 4 250G","ESSENTIAL WAITROSE ENGLISH MATURE GRATED CHEDDAR CHEESE, STRENGTH 4 250G",1,"Cheese Cheddar, home produced, per kg"
"ESSENTIAL WAITROSE ENGLISH MEDIUM CHEDDAR CHEESE, STRENGTH 3 300G","ESSENTIAL WAITROSE ENGLISH MEDIUM CHEDDAR CHEESE, STRENGTH 3 300G",1,"Cheese Cheddar, home produced, per kg"
"ESSENTIAL WAITROSE ENGLISH MEDIUM CHEDDAR CHEESE, STRENGTH 3 500G","ESSENTIAL WAITROSE ENGLISH MEDIUM CHEDDAR CHEESE, STRENGTH 3 500G",1,"Cheese Cheddar, home produced, per kg"
"ESSENTIAL WAITROSE ENGLISH MEDIUM GRATED CHEDDAR CHEESE, STRENGTH 3 250G","ESSENTIAL WAITROSE ENGLISH MEDIUM GRATED CHEDDAR CHEESE, STRENGTH 3 250G",1,"Cheese Cheddar, home produced, per kg"
"ESSENTIAL WAITROSE ENGLISH MILD CHEDDAR CHEESE, STRENGTH 2 300G","ESSENTIAL WAITROSE ENGLISH MILD CHEDDAR CHEESE, STRENGTH 2 300G",1,"Cheese Cheddar, home produced, per kg"
"ESSENTIAL WAITROSE ENGLISH MILD CHEDDAR CHEESE, STRENGTH 2 500G","ESSENTIAL WAITROSE ENGLISH MILD CHEDDAR CHEESE, STRENGTH 2 500G",1,"Cheese Cheddar, home produced, per kg"
"ESSENTIAL WAITROSE ENGLISH MILD CHEDDAR CHEESE, STRENGTH 2, 10 SLICES 250G","ESSENTIAL WAITROSE ENGLISH MILD CHEDDAR CHEESE, STRENGTH 2, 10 SLICES 250G",1,"Cheese Cheddar, home produced, per kg"
"ESSENTIAL WAITROSE ENGLISH MILD GRATED CHEDDAR CHEESE, STRENGTH 2 250G","ESSENTIAL WAITROSE ENGLISH MILD GRATED CHEDDAR CHEESE, STRENGTH 2 250G",1,"Cheese Cheddar, home produced, per kg"
"ESSENTIAL WAITROSE LIGHTER EXTRA MATURE GRATED CHEESE, STRENGTH 6 250G","ESSENTIAL WAITROSE LIGHTER EXTRA MATURE GRATED CHEESE, STRENGTH 6 250G",1,"Cheese Cheddar, home produced, per kg"
"ESSENTIAL WAITROSE LIGHTER MATURE CHEESE, STRENGTH 4 250G","ESSENTIAL WAITROSE LIGHTER MATURE CHEESE, STRENGTH 4 250G",1,"Cheese Cheddar, home produced, per kg"
"ESSENTIAL WAITROSE LIGHTER MATURE GRATED CHEESE, STRENGTH 4 250G","ESSENTIAL WAITROSE LIGHTER MATURE GRATED CHEESE, STRENGTH 4 250G",1,"Cheese Cheddar, home produced, per kg"
WYKE FARMS JUST DELICIOUS EXTRA MATURE CHEDDAR 300G,WYKE FARMS JUST DELICIOUS EXTRA MATURE CHEDDAR 300G,1,"Cheese Cheddar, home produced, per kg"
WYKE FARMS SIMPLY GORGEOUS VINTAGE CHEDDAR 300G,WYKE FARMS SIMPLY GORGEOUS VINTAGE CHEDDAR 300G,1,"Cheese Cheddar, home produced, per kg"
COCA-COLA FRIDGE PACK 10X330ML,COCA-COLA FRIDGE PACK 10X330ML,1,"Cola Flavoured Drink, bottle"
COCA-COLA MINI CANS 8X250ML,COCA-COLA MINI CANS 8X250ML,1,"Cola Flavoured Drink, bottle"
COCA-COLA MIXER MULTIPACK CANS 12X150ML,COCA-COLA MIXER MULTIPACK CANS 12X150ML,1,"Cola Flavoured Drink, bottle"
COCA-COLA MIXER SINGLE CAN 150ML,COCA-COLA MIXER SINGLE CAN 150ML,1,"Cola Flavoured Drink, bottle"
COCA-COLA MULTIPACK CANS 6X330ML,COCA-COLA MULTIPACK CANS 6X330ML,1,"Cola Flavoured Drink, bottle"
COCA-COLA VANILLA MULTIPACK CANS 6X330ML,COCA-COLA VANILLA MULTIPACK CANS 6X330ML,1,"Cola Flavoured Drink, bottle"
COCA-COLA ZERO 1.25LITRE,COCA-COLA ZERO 1.25LITRE,1,"Cola Flavoured Drink, bottle"
COCA-COLA ZERO FRIDGE PACK 10X330ML,COCA-COLA ZERO FRIDGE PACK 10X330ML,1,"Cola Flavoured Drink, bottle"
COCA-COLA ZERO MULTIPACK CANS 6X330ML,COCA-COLA ZERO MULTIPACK CANS 6X330ML,1,"Cola Flavoured Drink, bottle"
DIET COKE CAFFEINE FREE MULTIPACK CANS 10X330ML,DIET COKE CAFFEINE FREE MULTIPACK CANS 10X330ML,1,"Cola Flavoured Drink, bottle"
DIET COKE CAFFEINE FREE MULTIPACK CANS 6X330ML,DIET COKE CAFFEINE FREE MULTIPACK CANS 6X330ML,1,"Cola Flavoured Drink, bottle"
DIET COKE FRIDGE PACK 10X330ML,DIET COKE FRIDGE PACK 10X330ML,1,"Cola Flavoured Drink, bottle"
DIET COKE MINI CANS 8X250ML,DIET COKE MINI CANS 8X250ML,1,"Cola Flavoured Drink, bottle"
DIET COKE MIXER MULTIPACK CANS 12X150ML,DIET COKE MIXER MULTIPACK CANS 12X150ML,1,"Cola Flavoured Drink, bottle"
DIET COKE MULTIPACK CANS 6X330ML,DIET COKE MULTIPACK CANS 6X330ML,1,"Cola Flavoured Drink, bottle"
DIET PEPSI 6X330ML,DIET PEPSI 6X330ML,1,"Cola Flavoured Drink, bottle"
DR PEPPER PLASTIC BOTTLE 2LITRE,DR PEPPER PLASTIC BOTTLE 2LITRE,1,"Cola Flavoured Drink, bottle"
PEPSI 2LITRE,PEPSI 2LITRE,1,"Cola Flavoured Drink, bottle"
PEPSI 6X330ML,PEPSI 6X330ML,1,"Cola Flavoured Drink, bottle"
PEPSI DIET 2L,PEPSI DIET 2L,1,"Cola Flavoured Drink, bottle"
PEPSI MAX 2LITRE,PEPSI MAX 2LITRE,1,"Cola Flavoured Drink, bottle"
PEPSI MAX 600ML,PEPSI MAX 600ML,1,"Cola Flavoured Drink, bottle"
PEPSI MAX 6X330ML,PEPSI MAX 6X330ML,1,"Cola Flavoured Drink, bottle"
PEPSI MAX CHERRY 2LITRE,PEPSI MAX CHERRY 2LITRE,1,"Cola Flavoured Drink, bottle"
DE CECCO PASTA PENNE RIGATE 500G,DE CECCO PASTA PENNE RIGATE 500G,1,"Dry Spaghetti or pasta, 500g"
DOLMIO ORIGINAL LASAGNE KIT 807G,DOLMIO ORIGINAL LASAGNE KIT 807G,1,"Dry Spaghetti or pasta, 500g"
ESSENTIAL WAITROSE AMORI 500G,ESSENTIAL WAITROSE AMORI 500G,1,"Dry Spaghetti or pasta, 500g"
ESSENTIAL WAITROSE FUSILLI 1KG,ESSENTIAL WAITROSE FUSILLI 1KG,1,"Dry Spaghetti or pasta, 500g"
ESSENTIAL WAITROSE MACARONI 500G,ESSENTIAL WAITROSE MACARONI 500G,1,"Dry Spaghetti or pasta, 500g"
ESSENTIAL WAITROSE PENNE 1KG,ESSENTIAL WAITROSE PENNE 1KG,1,"Dry Spaghetti or pasta, 500g"
ESSENTIAL WAITROSE PENNE 500G,ESSENTIAL WAITROSE PENNE 500G,1,"Dry Spaghetti or pasta, 500g"
ESSENTIAL WAITROSE SPAGHETTI 1KG,ESSENTIAL WAITROSE SPAGHETTI 1KG,1,"Dry Spaghetti or pasta, 500g"
ESSENTIAL WAITROSE SPAGHETTI 500G,ESSENTIAL WAITROSE SPAGHETTI 500G,1,"Dry Spaghetti or pasta, 500g"
GIUSEPPE COCCO PAPPARDELLE PASTA 250G,GIUSEPPE COCCO PAPPARDELLE PASTA 250G,1,"Dry Spaghetti or pasta, 500g"
GIUSEPPE COCCO PASTA FUSILLI 500G,GIUSEPPE COCCO PASTA FUSILLI 500G,1,"Dry Spaghetti or pasta, 500g"
GIUSEPPE COCCO SPAGHETTI 500G,GIUSEPPE COCCO SPAGHETTI 500G,1,"Dry Spaghetti or pasta, 500g"
GIUSEPPE PENNETTE RIGATE PASTA 500G,GIUSEPPE PENNETTE RIGATE PASTA 500G,1,"Dry Spaghetti or pasta, 500g"
NAPOLINA FUSILLI BRONZE DIE PASTA 500G,NAPOLINA FUSILLI BRONZE DIE PASTA 500G,1,"Dry Spaghetti or pasta, 500g"
NAPOLINA LINGUINE BRONZE DIE PASTA 500G,NAPOLINA LINGUINE BRONZE DIE PASTA 500G,1,"Dry Spaghetti or pasta, 500g"
NAPOLINA PENNE RIGATE BRONZE DIE PASTA 500G,NAPOLINA PENNE RIGATE BRONZE DIE PASTA 500G,1,"Dry Spaghetti or pasta, 500g"
NAPOLINA SPAGHETTI BRONZE DIE PASTA 500G,NAPOLINA SPAGHETTI BRONZE DIE PASTA 500G,1,"Dry Spaghetti or pasta, 500g"
NAPOLINA TORTIGLIONI BRONZE DIE PASTA 500G,NAPOLINA TORTIGLIONI BRONZE DIE PASTA 500G,1,"Dry Spaghetti or pasta, 500g"
SEEDS OF CHANGE ORGANIC PENNE PASTA 500G,SEEDS OF CHANGE ORGANIC PENNE PASTA 500G,1,"Dry Spaghetti or pasta, 500g"
SEEDS OF CHANGE ORGANIC TORTIGLIONI SEMI WHOLEWHEAT PASTA 500G,SEEDS OF CHANGE ORGANIC TORTIGLIONI SEMI WHOLEWHEAT PASTA 500G,1,"Dry Spaghetti or pasta, 500g"
WAITROSE LOVE LIFE WHOLEWHEAT FUSILLI 500G,WAITROSE LOVE LIFE WHOLEWHEAT FUSILLI 500G,1,"Dry Spaghetti or pasta, 500g"
WAITROSE LOVE LIFE WHOLEWHEAT PENNE 500G,WAITROSE LOVE LIFE WHOLEWHEAT PENNE 500G,1,"Dry Spaghetti or pasta, 500g"
WAITROSE LOVE LIFE WHOLEWHEAT SPAGHETTI 500G,WAITROSE LOVE LIFE WHOLEWHEAT SPAGHETTI 500G,1,"Dry Spaghetti or pasta, 500g"
WAITROSE ORGANIC FUSILLI 500G,WAITROSE ORGANIC FUSILLI 500G,1,"Dry Spaghetti or pasta, 500g"
7 UP 6X330ML,7 UP 6X330ML,1,Fizzy bottled drink
7 UP FREE 6X330ML,7 UP FREE 6X330ML,1,Fizzy bottled drink
APPLETISER 100% APPLE JUICE GENTLY SPARKLING MULTIPACK CANS 6X330ML,APPLETISER 100% APPLE JUICE GENTLY SPARKLING MULTIPACK CANS 6X330ML,1,Fizzy bottled drink
FANTA ZERO ORANGE MULTIPACK CANS 6X330ML,FANTA ZERO ORANGE MULTIPACK CANS 6X330ML,1,Fizzy bottled drink
FANTA ZERO ORANGE PLASTIC BOTTLE 2LITRE,FANTA ZERO ORANGE PLASTIC BOTTLE 2LITRE,1,Fizzy bottled drink
LIPTON ICE TEA - PEACH 1.25LITRE,LIPTON ICE TEA - PEACH 1.25LITRE,1,Fizzy bottled drink
OLD JAMAICA GINGER BEER 1.5LITRE,OLD JAMAICA GINGER BEER 1.5LITRE,1,Fizzy bottled drink
PURDEY'S SILVER FRUIT DRINK 330ML,PURDEY'S SILVER FRUIT DRINK 330ML,1,Fizzy bottled drink
R WHITES DIET LEMONADE 2LITRE,R WHITES DIET LEMONADE 2LITRE,1,Fizzy bottled drink
R WHITES LEMONADE 2LITRE,R WHITES LEMONADE 2LITRE,1,Fizzy bottled drink
SAN PELLEGRINO SPARKLING BLOOD ORANGE 6X330ML,SAN PELLEGRINO SPARKLING BLOOD ORANGE 6X330ML,1,Fizzy bottled drink
SAN PELLEGRINO SPARKLING GRAPEFRUIT 6X330ML,SAN PELLEGRINO SPARKLING GRAPEFRUIT 6X330ML,1,Fizzy bottled drink
SANPELLEGRINO ARANCIATA 6X330ML,SANPELLEGRINO ARANCIATA 6X330ML,1,Fizzy bottled drink
SANPELLEGRINO LIMONATA 6X330ML,SANPELLEGRINO LIMONATA 6X330ML,1,Fizzy bottled drink
SCHWEPPES LEMONADE MULTIPACK CANS 12X150ML,SCHWEPPES LEMONADE MULTIPACK CANS 12X150ML,1,Fizzy bottled drink
SCHWEPPES LEMONADE SINGLE CAN 150ML,SCHWEPPES LEMONADE SINGLE CAN 150ML,1,Fizzy bottled drink
SHLOER SPARKLING WHITE GRAPE JUICE DRINK 750ML,SHLOER SPARKLING WHITE GRAPE JUICE DRINK 750ML,1,Fizzy bottled drink
SPRITE PLASTIC BOTTLE 2LITRE,SPRITE PLASTIC BOTTLE 2LITRE,1,Fizzy bottled drink
SPRITE ZERO MULTIPACK CANS 6X330ML,SPRITE ZERO MULTIPACK CANS 6X330ML,1,Fizzy bottled drink
WAITROSE CLOUDY LEMONADE 6X330ML,WAITROSE CLOUDY LEMONADE 6X330ML,1,Fizzy bottled drink
WAITROSE CLOUDY LEMONADE LIGHT 6X330ML,WAITROSE CLOUDY LEMONADE LIGHT 6X330ML,1,Fizzy bottled drink
WAITROSE FIERY LIGHT GINGER BEER 6X330ML,WAITROSE FIERY LIGHT GINGER BEER 6X330ML,1,Fizzy bottled drink
WAITROSE LEMONADE WITH LEMON JUICE 6X330ML,WAITROSE LEMONADE WITH LEMON JUICE 6X330ML,1,Fizzy bottled drink
WAITROSE LEMONADE WITH LEMON JUICE LOW CALORIE 6X330ML,WAITROSE LEMONADE WITH LEMON JUICE LOW CALORIE 6X330ML,1,Fizzy bottled drink
ECHALION SHALLOTS PER KG,ECHALION SHALLOTS PER KG,1,"Fresh Veg, Onions, per kg"
ESSENTIAL WAITROSE ONIONS 1KG,ESSENTIAL WAITROSE ONIONS 1KG,1,"Fresh Veg, Onions, per kg"
ESSENTIAL WAITROSE ONIONS PER KG,ESSENTIAL WAITROSE ONIONS PER KG,1,"Fresh Veg, Onions, per kg"
ESSENTIAL WAITROSE RED ONIONS 1KG,ESSENTIAL WAITROSE RED ONIONS 1KG,1,"Fresh Veg, Onions, per kg"
ESSENTIAL WAITROSE RED ONIONS PER KG,ESSENTIAL WAITROSE RED ONIONS PER KG,1,"Fresh Veg, Onions, per kg"
LARGE ONIONS 3S,LARGE ONIONS 3S,1,"Fresh Veg, Onions, per kg"
ORGANIC ONIONS 750G,ORGANIC ONIONS 750G,1,"Fresh Veg, Onions, per kg"
ORGANIC RED ONIONS 500G,ORGANIC RED ONIONS 500G,1,"Fresh Veg, Onions, per kg"
SUPA SWEET ONIONS PER KG,SUPA SWEET ONIONS PER KG,1,"Fresh Veg, Onions, per kg"
WAITROSE GRAPPE OF GARLIC EACH,WAITROSE GRAPPE OF GARLIC EACH,1,"Fresh Veg, Onions, per kg"
WAITROSE ORGANIC BROWN ONIONS 3S,WAITROSE ORGANIC BROWN ONIONS 3S,1,"Fresh Veg, Onions, per kg"
WAITROSE RED ONIONS 3S,WAITROSE RED ONIONS 3S,1,"Fresh Veg, Onions, per kg"
BABY PLUM TOMATOES 225G,BABY PLUM TOMATOES 225G,1,"Fresh Veg, Tomatoes, per kg"
BABY PLUM TOMATOES 275G,BABY PLUM TOMATOES 275G,1,"Fresh Veg, Tomatoes, per kg"
BABY PLUM TOMATOES 400G,BABY PLUM TOMATOES 400G,1,"Fresh Veg, Tomatoes, per kg"
CHERRY TOMATOES ON THE VINE 200G,CHERRY TOMATOES ON THE VINE 200G,1,"Fresh Veg, Tomatoes, per kg"
CHERRY VINE TOMATOES 270G,CHERRY VINE TOMATOES 270G,1,"Fresh Veg, Tomatoes, per kg"
CHERUBINO CHERRY VINE TOMATOES PER KG,CHERUBINO CHERRY VINE TOMATOES PER KG,1,"Fresh Veg, Tomatoes, per kg"
CLASSIC VINE TOMATOES 450G,CLASSIC VINE TOMATOES 450G,1,"Fresh Veg, Tomatoes, per kg"
COEUR DU BOEUF BEEF TOMATOES PER KG,COEUR DU BOEUF BEEF TOMATOES PER KG,1,"Fresh Veg, Tomatoes, per kg"
EAST ANGLIA CLASSIC TOMATOES 4S,EAST ANGLIA CLASSIC TOMATOES 4S,1,"Fresh Veg, Tomatoes, per kg"
EAST ANGLIA VINE TOMATOES MIN 4,EAST ANGLIA VINE TOMATOES MIN 4,1,"Fresh Veg, Tomatoes, per kg"
ESSENTIAL WAITROSE CHERRY TOMATOES 250G,ESSENTIAL WAITROSE CHERRY TOMATOES 250G,1,"Fresh Veg, Tomatoes, per kg"
ESSENTIAL WAITROSE CHERRY TOMATOES 500G,ESSENTIAL WAITROSE CHERRY TOMATOES 500G,1,"Fresh Veg, Tomatoes, per kg"
ESSENTIAL WAITROSE PLUM TOMATOES 500G,ESSENTIAL WAITROSE PLUM TOMATOES 500G,1,"Fresh Veg, Tomatoes, per kg"
ESSENTIAL WAITROSE TOMATOES 6S,ESSENTIAL WAITROSE TOMATOES 6S,1,"Fresh Veg, Tomatoes, per kg"
ESSENTIAL WAITROSE TOMATOES PER KG,ESSENTIAL WAITROSE TOMATOES PER KG,1,"Fresh Veg, Tomatoes, per kg"
HEIRLOOM TOMATO PER KG,HEIRLOOM TOMATO PER KG,1,"Fresh Veg, Tomatoes, per kg"
JACK HAWKINS SLICING TOMATOES PER KG,JACK HAWKINS SLICING TOMATOES PER KG,1,"Fresh Veg, Tomatoes, per kg"
ORGANIC LARGE VINE TOMATOES 425G,ORGANIC LARGE VINE TOMATOES 425G,1,"Fresh Veg, Tomatoes, per kg"
ORGANIC SULTAN'S JEWEL TOMATOES 180G,ORGANIC SULTAN'S JEWEL TOMATOES 180G,1,"Fresh Veg, Tomatoes, per kg"
PINK BLUSH TOMATOES 400G,PINK BLUSH TOMATOES 400G,1,"Fresh Veg, Tomatoes, per kg"
POME DEI MORO TOMATOES 200G,POME DEI MORO TOMATOES 200G,1,"Fresh Veg, Tomatoes, per kg"
RED CHOICE TOMATOES 300G,RED CHOICE TOMATOES 300G,1,"Fresh Veg, Tomatoes, per kg"
VINE TOMATOES 270G,VINE TOMATOES 270G,1,"Fresh Veg, Tomatoes, per kg"
"WAITROSE CHERRY VINE TOMATOES, 400G 400G","WAITROSE CHERRY VINE TOMATOES, 400G 400G",1,"Fresh Veg, Tomatoes, per kg"
ESSENTIAL WAITROSE ORANGE JUICE WITH BITS 1LITRE,ESSENTIAL WAITROSE ORANGE JUICE WITH BITS 1LITRE,1,"Fresh/Chilled Orange Juice, eg. Tropicana"
ESSENTIAL WAITROSE SMOOTH ORANGE JUICE 1LITRE,ESSENTIAL WAITROSE SMOOTH ORANGE JUICE 1LITRE,1,"Fresh/Chilled Orange Juice, eg. Tropicana"
INNOCENT ORANGE AND MANGO JUICE 900ML 900ML,INNOCENT ORANGE AND MANGO JUICE 900ML 900ML,1,"Fresh/Chilled Orange Juice, eg. Tropicana"
INNOCENT ORANGE JUICE SMOOTH 1.35LITRE,INNOCENT ORANGE JUICE SMOOTH 1.35LITRE,1,"Fresh/Chilled Orange Juice, eg. Tropicana"
INNOCENT ORANGE JUICE SMOOTH 900ML,INNOCENT ORANGE JUICE SMOOTH 900ML,1,"Fresh/Chilled Orange Juice, eg. Tropicana"
INNOCENT ORANGE JUICE WITH BITS 1.35LITRE,INNOCENT ORANGE JUICE WITH BITS 1.35LITRE,1,"Fresh/Chilled Orange Juice, eg. Tropicana"
INNOCENT ORANGE JUICE WITH BITS 900ML,INNOCENT ORANGE JUICE WITH BITS 900ML,1,"Fresh/Chilled Orange Juice, eg. Tropicana"
INNOCENT TROPICAL JUICE 1.35LITRE,INNOCENT TROPICAL JUICE 1.35LITRE,1,"Fresh/Chilled Orange Juice, eg. Tropicana"
INNOCENT TROPICAL JUICE 900ML 900ML,INNOCENT TROPICAL JUICE 900ML 900ML,1,"Fresh/Chilled Orange Juice, eg. Tropicana"
TROPICANA ESSENTIALS CALCIUM ORANGE JUICE 1LITRE,TROPICANA ESSENTIALS CALCIUM ORANGE JUICE 1LITRE,1,"Fresh/Chilled Orange Juice, eg. Tropicana"
TROPICANA EXTRA JUICY BITS ORANGE JUICE 1LITRE,TROPICANA EXTRA JUICY BITS ORANGE JUICE 1LITRE,1,"Fresh/Chilled Orange Juice, eg. Tropicana"
TROPICANA JUICE ORANGE SMOOTH 1.75LITRE,TROPICANA JUICE ORANGE SMOOTH 1.75LITRE,1,"Fresh/Chilled Orange Juice, eg. Tropicana"
"TROPICANA ORGINAL, WITH JUICY BITS 1LITRE","TROPICANA ORGINAL, WITH JUICY BITS 1LITRE",1,"Fresh/Chilled Orange Juice, eg. Tropicana"
TROPICANA PREMIUM RUBY BREAKFAST JUICE 1LITRE,TROPICANA PREMIUM RUBY BREAKFAST JUICE 1LITRE,1,"Fresh/Chilled Orange Juice, eg. Tropicana"
"TROPICANA SMOOTH ORANGE JUICE, NO BITS 1LITRE","TROPICANA SMOOTH ORANGE JUICE, NO BITS 1LITRE",1,"Fresh/Chilled Orange Juice, eg. Tropicana"
WAITROSE FRESHLY SQUEEZED ORANGE JUICE 1LITRE,WAITROSE FRESHLY SQUEEZED ORANGE JUICE 1LITRE,1,"Fresh/Chilled Orange Juice, eg. Tropicana"
WAITROSE FRESHLY SQUEEZED ORANGE JUICE WITH MANGO 1LITRE,WAITROSE FRESHLY SQUEEZED ORANGE JUICE WITH MANGO 1LITRE,1,"Fresh/Chilled Orange Juice, eg. Tropicana"
WAITROSE ORANGE JUICE & BITS 1.75LITRE,WAITROSE ORANGE JUICE & BITS 1.75LITRE,1,"Fresh/Chilled Orange Juice, eg. Tropicana"
WAITROSE ORANGE MANGO & PASSIONFRUIT JUICE 1LITRE,WAITROSE ORANGE MANGO & PASSIONFRUIT JUICE 1LITRE,1,"Fresh/Chilled Orange Juice, eg. Tropicana"
WAITROSE PURE ORANGE JUICE WITH BITS 1LITRE,WAITROSE PURE ORANGE JUICE WITH BITS 1LITRE,1,"Fresh/Chilled Orange Juice, eg. Tropicana"
WAITROSE SMOOTH ORANGE JUICE 1.75LITRE,WAITROSE SMOOTH ORANGE JUICE 1.75LITRE,1,"Fresh/Chilled Orange Juice, eg. Tropicana"
WAITROSE SQUEEZED SMOOTH ORANGE JUICE 1LITRE,WAITROSE SQUEEZED SMOOTH ORANGE JUICE 1LITRE,1,"Fresh/Chilled Orange Juice, eg. Tropicana"
WAITROSE SQUEEZED SMOOTH STYLE ORANGE JUICE 1LITRE,WAITROSE SQUEEZED SMOOTH STYLE ORANGE JUICE 1LITRE,1,"Fresh/Chilled Orange Juice, eg. Tropicana"
WAITROSE TROPICAL JUICE 1 LITRE,WAITROSE TROPICAL JUICE 1 LITRE,1,"Fresh/Chilled Orange Juice, eg. Tropicana"
COLDPRESS PINK LADY APPLE JUICE 750ML,COLDPRESS PINK LADY APPLE JUICE 750ML,1,"Fruit Juice, not orange, eg. apple"
COPELLA APPLE & ELDERFLOWER 1.25LITRE,COPELLA APPLE & ELDERFLOWER 1.25LITRE,1,"Fruit Juice, not orange, eg. apple"
COPELLA ENGLISH APPLE 750ML,COPELLA ENGLISH APPLE 750ML,1,"Fruit Juice, not orange, eg. apple"
INNOCENT APPLE AND BERRY JUICE 900ML 900ML,INNOCENT APPLE AND BERRY JUICE 900ML 900ML,1,"Fruit Juice, not orange, eg. apple"
INNOCENT APPLE AND MANGO JUICE 1.35LITRE 1.35LITRE,INNOCENT APPLE AND MANGO JUICE 1.35LITRE 1.35LITRE,1,"Fruit Juice, not orange, eg. apple"
INNOCENT APPLE AND MANGO JUICE 900ML 900ML,INNOCENT APPLE AND MANGO JUICE 900ML 900ML,1,"Fruit Juice, not orange, eg. apple"
INNOCENT APPLE AND RASPBERRY JUICE 1.35LITRE 1.35LITRE,INNOCENT APPLE AND RASPBERRY JUICE 1.35LITRE 1.35LITRE,1,"Fruit Juice, not orange, eg. apple"
INNOCENT APPLE AND RASPBERRY JUICE 900ML 900ML,INNOCENT APPLE AND RASPBERRY JUICE 900ML 900ML,1,"Fruit Juice, not orange, eg. apple"
INNOCENT APPLE JUICE 1.35LITRE 1.35LITRE,INNOCENT APPLE JUICE 1.35LITRE 1.35LITRE,1,"Fruit Juice, not orange, eg. apple"
INNOCENT APPLE JUICE 900ML,INNOCENT APPLE JUICE 900ML,1,"Fruit Juice, not orange, eg. apple"
WAITROSE APPLE & MANGO JUICE 1LITRE,WAITROSE APPLE & MANGO JUICE 1LITRE,1,"Fruit Juice, not orange, eg. apple"
WAITROSE APPLE JUICE WITH GINGER 1 LITRE,WAITROSE APPLE JUICE WITH GINGER 1 LITRE,1,"Fruit Juice, not orange, eg. apple"
"WAITROSE JUICE APPLE, PEACH & PEAR 1 LITRE","WAITROSE JUICE APPLE, PEACH & PEAR 1 LITRE",1,"Fruit Juice, not orange, eg. apple"
WAITROSE PRESSED APPLE AND MANGO JUICE 1.75 LITRE,WAITROSE PRESSED APPLE AND MANGO JUICE 1.75 LITRE,1,"Fruit Juice, not orange, eg. apple"
WAITROSE PRESSED APPLE JUICE 1.75 LITRE,WAITROSE PRESSED APPLE JUICE 1.75 LITRE,1,"Fruit Juice, not orange, eg. apple"
WAITROSE PRESSED APPLE JUICE 1LITRE,WAITROSE PRESSED APPLE JUICE 1LITRE,1,"Fruit Juice, not orange, eg. apple"
ESSENTAIL WAITROSE GRAPES - MINI PUNNET 150G,ESSENTAIL WAITROSE GRAPES - MINI PUNNET 150G,1,"Grapes, per kg"
ESSENTIAL WAITROSE BLACK SEEDLESS GRAPES 500G,ESSENTIAL WAITROSE BLACK SEEDLESS GRAPES 500G,1,"Grapes, per kg"
ESSENTIAL WAITROSE GRAPE SELECTION 500G,ESSENTIAL WAITROSE GRAPE SELECTION 500G,1,"Grapes, per kg"
ESSENTIAL WAITROSE GREEN SEEDLESS GRAPES 500G,ESSENTIAL WAITROSE GREEN SEEDLESS GRAPES 500G,1,"Grapes, per kg"
ESSENTIAL WAITROSE GREEN SEEDLESS GRAPES PER KG,ESSENTIAL WAITROSE GREEN SEEDLESS GRAPES PER KG,1,"Grapes, per kg"
ESSENTIAL WAITROSE RED SEEDLESS GRAPES 500G,ESSENTIAL WAITROSE RED SEEDLESS GRAPES 500G,1,"Grapes, per kg"
ESSENTIAL WAITROSE RED SEEDLESS GRAPES PER KG,ESSENTIAL WAITROSE RED SEEDLESS GRAPES PER KG,1,"Grapes, per kg"
ESSENTIAL WAITROSE SEEDLESS GRAPE SELECTION 800G,ESSENTIAL WAITROSE SEEDLESS GRAPE SELECTION 800G,1,"Grapes, per kg"
SPECIALITY SEEDLESS SABLE GRAPES 400G,SPECIALITY SEEDLESS SABLE GRAPES 400G,1,"Grapes, per kg"
WAITROSE ORGANIC GRAPES LIMITED SELECTION 400G,WAITROSE ORGANIC GRAPES LIMITED SELECTION 400G,1,"Grapes, per kg"
BECK'S BIER GERMANY 12X275ML,BARON DE LEY CLUB PRIVADO RIOJA SPANISH RED WINE 75CL,#N/A,"Lager, 4 bottles, 4.3%-7.5% ABV"
BIRRA MORETTI 660ML,BELUGA NOBLE VODKA 0.7L,#N/A,"Lager, 4 bottles, 4.3%-7.5% ABV"
BITBURGER PREMIUM BEER 4X330ML,BELUGA NOBLE VODKA 0.7L,#N/A,"Lager, 4 bottles, 4.3%-7.5% ABV"
BUDWEISER BUDVAR 4X330ML,BRAZIN OLD VINE ZINFANDEL CALIFORNIAN RED WINE 75CL,#N/A,"Lager, 4 bottles, 4.3%-7.5% ABV"
BUDWEISER BUDVAR CZECH LAGER 500ML,BRAZIN OLD VINE ZINFANDEL CALIFORNIAN RED WINE 75CL,#N/A,"Lager, 4 bottles, 4.3%-7.5% ABV"
BUDWEISER USA 12X300ML,BRAZIN OLD VINE ZINFANDEL CALIFORNIAN RED WINE 75CL,#N/A,"Lager, 4 bottles, 4.3%-7.5% ABV"
CARLSBERG CITRUS 4X275ML,CARLOS III BRANDY DE JEREZ 1L,#N/A,"Lager, 4 bottles, 4.3%-7.5% ABV"
ESTRELLA DAMM 4X330ML,ESSENTIAL WAITROSE WHOLEMEAL MEDIUM SLICED BREAD 800G,#N/A,"Lager, 4 bottles, 4.3%-7.5% ABV"
FOSTER'S FRIDGE PACK 12X440ML,FLEURIE BOUCHARD PÈRE 75CL,#N/A,"Lager, 4 bottles, 4.3%-7.5% ABV"
KRONENBOURG 1664 4X440ML,KINGSMILL WHOLEMEAL MEDIUM 800G,#N/A,"Lager, 4 bottles, 4.3%-7.5% ABV"
KRONENBOURG 1664 660ML,KINGSMILL WHOLEMEAL MEDIUM 800G,#N/A,"Lager, 4 bottles, 4.3%-7.5% ABV"
PERONI GRAN RISERVA DOPPIO MALTO 330ML SINGLE BOTTLE 330ML,PEPSI MAX CHERRY 2LITRE,#N/A,"Lager, 4 bottles, 4.3%-7.5% ABV"
PERONI NASTRO AZZURRO 12 X 330ML BOTTLES 12X33CL,PEPSI MAX CHERRY 2LITRE,#N/A,"Lager, 4 bottles, 4.3%-7.5% ABV"
PERONI NASTRO AZZURRO 3 X 660ML BOTTLES 3X66CL,PEPSI MAX CHERRY 2LITRE,#N/A,"Lager, 4 bottles, 4.3%-7.5% ABV"
SAN MIGUEL 4X330ML,SAILOR JERRY SPICED RUM 35CL,#N/A,"Lager, 4 bottles, 4.3%-7.5% ABV"
SAN MIGUEL FRESCA 4X330ML,SAILOR JERRY SPICED RUM 35CL,#N/A,"Lager, 4 bottles, 4.3%-7.5% ABV"
SOL IMPORTED BEER 12X330ML,SNOW LEOPARD PREMIUM VODKA 70CL,#N/A,"Lager, 4 bottles, 4.3%-7.5% ABV"
SOL MEXICAN BEER 4X330ML,SNOW LEOPARD PREMIUM VODKA 70CL,#N/A,"Lager, 4 bottles, 4.3%-7.5% ABV"
STAROPRAMEN PREMIUM BEER 4X330ML,STAPLETON RASPBERRY LOW FAT YOGURT 150G,#N/A,"Lager, 4 bottles, 4.3%-7.5% ABV"
STELLA ARTOIS 10X440ML,STAPLETON RASPBERRY LOW FAT YOGURT 150G,#N/A,"Lager, 4 bottles, 4.3%-7.5% ABV"
TIGER BEER 4X330ML,THREE BARRELS FRENCH BRANDY VSOP 35CL,#N/A,"Lager, 4 bottles, 4.3%-7.5% ABV"
TSINGTAO BEER 640ML,"TROPICANA SMOOTH ORANGE JUICE, NO BITS 1LITRE",#N/A,"Lager, 4 bottles, 4.3%-7.5% ABV"
TYSKIE 500ML SINGLE BOTTLE 500ML,TWININGS LADY GREY 100 TEA BAGS 250G,#N/A,"Lager, 4 bottles, 4.3%-7.5% ABV"
WARSTEINER 500ML,WARBURTONS WHOLEMEAL SLICED BREAD 800G,#N/A,"Lager, 4 bottles, 4.3%-7.5% ABV"
DOVES FARM ORGANIC FRUITY OAT BISCUITS 200G,DOVES FARM ORGANIC FRUITY OAT BISCUITS 200G,1,Plain Biscuits (eg. Digestive)
DOVES FARM ORGANIC WHOLEWHEAT DIGESTIVES 200G,DOVES FARM ORGANIC WHOLEWHEAT DIGESTIVES 200G,1,Plain Biscuits (eg. Digestive)
ESSENTIAL WAITROSE CHOCOLATE CHIP DIGESTIVES 500G,ESSENTIAL WAITROSE CHOCOLATE CHIP DIGESTIVES 500G,1,Plain Biscuits (eg. Digestive)
ESSENTIAL WAITROSE DIGESTIVE BISCUITS 500G,ESSENTIAL WAITROSE DIGESTIVE BISCUITS 500G,1,Plain Biscuits (eg. Digestive)
ESSENTIAL WAITROSE MILK CHOCOLATE DIGESTIVE BISCUITS 400G,ESSENTIAL WAITROSE MILK CHOCOLATE DIGESTIVE BISCUITS 400G,1,Plain Biscuits (eg. Digestive)
ESSENTIAL WAITROSE PLAIN CHOCOLATE DIGESTIVE BISCUITS 400G,ESSENTIAL WAITROSE PLAIN CHOCOLATE DIGESTIVE BISCUITS 400G,1,Plain Biscuits (eg. Digestive)
HOVIS DIGESTIVE BISCUITS 250G,HOVIS DIGESTIVE BISCUITS 250G,1,Plain Biscuits (eg. Digestive)
MCVITIE'S CARAMELS MILK CHOCOLATE DIGESTIVES 300G,MCVITIE'S CARAMELS MILK CHOCOLATE DIGESTIVES 300G,1,Plain Biscuits (eg. Digestive)
MCVITIE'S DIGESTIVE BISCUITS 250G,MCVITIE'S DIGESTIVE BISCUITS 250G,1,Plain Biscuits (eg. Digestive)
MCVITIE'S DIGESTIVE BISCUITS 2X500G,MCVITIE'S DIGESTIVE BISCUITS 2X500G,1,Plain Biscuits (eg. Digestive)
MCVITIE'S DIGESTIVE BISCUITS 500G,MCVITIE'S DIGESTIVE BISCUITS 500G,1,Plain Biscuits (eg. Digestive)
MCVITIE'S DIGESTIVES - DARK CHOCOLATE 200G,MCVITIE'S DIGESTIVES - DARK CHOCOLATE 200G,1,Plain Biscuits (eg. Digestive)
MCVITIE'S DIGESTIVES - DARK CHOCOLATE TUBE 250G,MCVITIE'S DIGESTIVES - DARK CHOCOLATE TUBE 250G,1,Plain Biscuits (eg. Digestive)
MCVITIE'S DIGESTIVES - MILK CHOCOLATE 200G,MCVITIE'S DIGESTIVES - MILK CHOCOLATE 200G,1,Plain Biscuits (eg. Digestive)
MCVITIE'S DIGESTIVES - MILK CHOCOLATE TUBE 250G,MCVITIE'S DIGESTIVES - MILK CHOCOLATE TUBE 250G,1,Plain Biscuits (eg. Digestive)
MCVITIE'S DIGESTIVES DARK CHOCOLATE 332G,MCVITIE'S DIGESTIVES DARK CHOCOLATE 332G,1,Plain Biscuits (eg. Digestive)
MCVITIE'S DIGESTIVES DOUBLE CHOCOLATE 300G,MCVITIE'S DIGESTIVES DOUBLE CHOCOLATE 300G,1,Plain Biscuits (eg. Digestive)
MCVITIE'S DIGESTIVES MILK CHOCOLATE 2X300G,MCVITIE'S DIGESTIVES MILK CHOCOLATE 2X300G,1,Plain Biscuits (eg. Digestive)
MCVITIE'S DIGESTIVES MILK CHOCOLATE 332G,MCVITIE'S DIGESTIVES MILK CHOCOLATE 332G,1,Plain Biscuits (eg. Digestive)
MCVITIE'S HOBNOBS 300G,MCVITIE'S HOBNOBS 300G,1,Plain Biscuits (eg. Digestive)
MCVITIE'S HOBNOBS CHOC CHIP 300G,MCVITIE'S HOBNOBS CHOC CHIP 300G,1,Plain Biscuits (eg. Digestive)
MCVITIE'S HOBNOBS MILK CHOC 262G,MCVITIE'S HOBNOBS MILK CHOC 262G,1,Plain Biscuits (eg. Digestive)
"MCVITIE'S HOBNOBS, DIGESTIVES & RICH TEA BISCUITS 750G","MCVITIE'S HOBNOBS, DIGESTIVES & RICH TEA BISCUITS 750G",1,Plain Biscuits (eg. Digestive)
MCVITIE'S MILK CHOCOLATE HOB-NOBS 250G,MCVITIE'S MILK CHOCOLATE HOB-NOBS 250G,1,Plain Biscuits (eg. Digestive)
BABY NEW POTATOES 750G,ARMAGNAC XO CH. DU TARIQUET 70CL,#N/A,"Potatoes, new"
ESSENTIAL WAITROSE NEW POTATOES 1.5KG,ESSENTIAL WAITROSE MINI APPLES 6S,#N/A,"Potatoes, new"
ESSENTIAL WAITROSE NEW POTATOES PER KG,ESSENTIAL WAITROSE MINI APPLES 6S,#N/A,"Potatoes, new"
MINIATURE NEW POTATOES 500G,MCVITIE'S MILK CHOCOLATE HOB-NOBS 250G,#N/A,"Potatoes, new"
ROSEVAL POTATOES 500G,ROOSTER POTATOES 2KG,#N/A,"Potatoes, new"
WAITROSE CHARLOTTE POTATOES 2KG,WAITROSE CHAMPAGNE RHUBARB YOGURT 150G,#N/A,"Potatoes, new"
WAITROSE CHARLOTTE POTATOES 650G,WAITROSE CHAMPAGNE RHUBARB YOGURT 150G,#N/A,"Potatoes, new"
WAITROSE SMALL NEW POTATOES PER KG,WAITROSE SCOTTISH RASPBERRY YOGURT 150G,#N/A,"Potatoes, new"
ESSENTIAL WAITROSE BAKING POTATOES 2.5KG,ESSENTIAL WAITROSE AMORI 500G,#N/A,"Potatoes, old, white"
ESSENTIAL WAITROSE BAKING POTATOES 4S,ESSENTIAL WAITROSE AMORI 500G,#N/A,"Potatoes, old, white"
ESSENTIAL WAITROSE BAKING POTATOES PER KG,ESSENTIAL WAITROSE AMORI 500G,#N/A,"Potatoes, old, white"
ESSENTIAL WAITROSE POTATOES 1.5KG,ESSENTIAL WAITROSE POTATOES 1.5KG,1,"Potatoes, old, white"
ESSENTIAL WAITROSE POTATOES 2.5KG,ESSENTIAL WAITROSE POTATOES 2.5KG,1,"Potatoes, old, white"
KING EDWARD POTATOES LARGE PER KG,KING EDWARD POTATOES LARGE PER KG,1,"Potatoes, old, white"
MARIS PIPER POTATOES 2.5KG,MARIS PIPER POTATOES 2.5KG,1,"Potatoes, old, white"
RED DESIREE POTATOES PER KG,RED DESIREE POTATOES PER KG,1,"Potatoes, old, white"
ROOSTER POTATOES 2KG,ROOSTER POTATOES 2KG,1,"Potatoes, old, white"
WAITROSE BAKING POTATOES 4S,WAITROSE ASSAM 50 TEA BAGS 125G,#N/A,"Potatoes, old, white"
WAITROSE KING EDWARD POTATOES 2.5KG,WAITROSE KING EDWARD POTATOES 2.5KG,1,"Potatoes, old, white"
WAITROSE RED POTATOES 2.5KG,WAITROSE RED POTATOES 2.5KG,1,"Potatoes, old, white"
"ARA PINOT NOIR MARLBOROUGH, NEW ZEALAND 75CL","ARA PINOT NOIR MARLBOROUGH, NEW ZEALAND 75CL",1,"Red Wine, European, bottle"
BARON DE LEY CLUB PRIVADO RIOJA SPANISH RED WINE 75CL,BARON DE LEY CLUB PRIVADO RIOJA SPANISH RED WINE 75CL,1,"Red Wine, European, bottle"
BRAZIN OLD VINE ZINFANDEL CALIFORNIAN RED WINE 75CL,BRAZIN OLD VINE ZINFANDEL CALIFORNIAN RED WINE 75CL,1,"Red Wine, European, bottle"
CANALETTO MONTEPULCIANO D'ABRUZZO 75CL,CANALETTO MONTEPULCIANO D'ABRUZZO 75CL,1,"Red Wine, European, bottle"
CLASSIC COTES DU RHONE FRENCH RED WINE 75CL,CLASSIC COTES DU RHONE FRENCH RED WINE 75CL,1,"Red Wine, European, bottle"
ESPRIT DE PUISSEGUIN ST EMILION FRENCH RED WINE 75CL,ESPRIT DE PUISSEGUIN ST EMILION FRENCH RED WINE 75CL,1,"Red Wine, European, bottle"
FINCA FLICHMAN RESERVE SHIRAZ 75CL,FINCA FLICHMAN RESERVE SHIRAZ 75CL,1,"Red Wine, European, bottle"
FIRE FLOWER SHIRAZ MOURVEDRE 75CL,FIRE FLOWER SHIRAZ MOURVEDRE 75CL,1,"Red Wine, European, bottle"
FLEURIE BOUCHARD PÈRE 75CL,FLEURIE BOUCHARD PÈRE 75CL,1,"Red Wine, European, bottle"
GOOD ORDINARY CLARET FRENCH RED WINE 75CL,GOOD ORDINARY CLARET FRENCH RED WINE 75CL,1,"Red Wine, European, bottle"
HARDYS ENDEAVOUR SHIRAZ CABERNET AUSTRALIAN RED WINE 75CL,HARDYS ENDEAVOUR SHIRAZ CABERNET AUSTRALIAN RED WINE 75CL,1,"Red Wine, European, bottle"
INYCON NERO D'AVOLA/FRAPPATO SICILY ITALIAN RED WINE 75CL,INYCON NERO D'AVOLA/FRAPPATO SICILY ITALIAN RED WINE 75CL,1,"Red Wine, European, bottle"
LES DAUPHINS COTES DU RHONE VILLAGE FRENCH RED WINE 75CL,LES DAUPHINS COTES DU RHONE VILLAGE FRENCH RED WINE 75CL,1,"Red Wine, European, bottle"
PAUL MAS GRENACHE SYRAH IGP PAYS D'OC FRENCH RED WINE 75CL,PAUL MAS GRENACHE SYRAH IGP PAYS D'OC FRENCH RED WINE 75CL,1,"Red Wine, European, bottle"
TORRES LAS MULAS CABERNET SAUVIGNON 75CL,TORRES LAS MULAS CABERNET SAUVIGNON 75CL,1,"Red Wine, European, bottle"
WAITROSE CÔTES DU RHONE VILLAGES FRENCH RED WINE 75CL,WAITROSE CÔTES DU RHONE VILLAGES FRENCH RED WINE 75CL,1,"Red Wine, European, bottle"
WAITROSE CHIANTI CLASSICO 75CL,WAITROSE CHIANTI CLASSICO 75CL,1,"Red Wine, European, bottle"
WAITROSE PINOT NOIR 75CL,WAITROSE PINOT NOIR 75CL,1,"Red Wine, European, bottle"
WAITROSE RESERVA CARMENERE CHILEAN RED WINE 75CL,WAITROSE RESERVA CARMENERE CHILEAN RED WINE 75CL,1,"Red Wine, European, bottle"
WAITROSE RESERVE CLARET 75CL,WAITROSE RESERVE CLARET 75CL,1,"Red Wine, European, bottle"
WAITROSE RESERVE SHIRAZ ST HALLETT BAROSSA 75CL,WAITROSE RESERVE SHIRAZ ST HALLETT BAROSSA 75CL,1,"Red Wine, European, bottle"
WAITROSE ST EMILION 75CL,WAITROSE ST EMILION 75CL,1,"Red Wine, European, bottle"
WOLF BLASS YELLOW LABEL CABERNET SAUVIGNON AUSTRALIAN RED WINE 75CL,WOLF BLASS YELLOW LABEL CABERNET SAUVIGNON AUSTRALIAN RED WINE 75CL,1,"Red Wine, European, bottle"
ZALZE SHIRAZ MOURVEDRE VIOGNIER SOUTH AFRICAN RED WINE 75CL,ZALZE SHIRAZ MOURVEDRE VIOGNIER SOUTH AFRICAN RED WINE 75CL,1,"Red Wine, European, bottle"
ANGOSTURA 1919 PREMIUM RUM 70CL,ANGOSTURA 1919 PREMIUM RUM 70CL,1,"RUM, WHITE, BOTTLE"
BACARDI GOLD RUM 70CL,BACARDI GOLD RUM 70CL,1,"RUM, WHITE, BOTTLE"
BACARDI OAKHEART RUM 70CL,BACARDI OAKHEART RUM 70CL,1,"RUM, WHITE, BOTTLE"
BACARDI SUPERIOR RUM 1L,BACARDI SUPERIOR RUM 1L,1,"RUM, WHITE, BOTTLE"
BACARDI SUPERIOR RUM 70CL,BACARDI SUPERIOR RUM 70CL,1,"RUM, WHITE, BOTTLE"
CAPTAIN MORGAN DARK RUM 70CL,CAPTAIN MORGAN DARK RUM 70CL,1,"RUM, WHITE, BOTTLE"
CAPTAIN MORGAN SPICED RUM 70CL,CAPTAIN MORGAN SPICED RUM 70CL,1,"RUM, WHITE, BOTTLE"
CAPTAIN MORGAN'S SPICED ORIGINAL SPICED 1L,CAPTAIN MORGAN'S SPICED ORIGINAL SPICED 1L,1,"RUM, WHITE, BOTTLE"
CHAIRMANS RESERVE RUM 70CL,CHAIRMANS RESERVE RUM 70CL,1,"RUM, WHITE, BOTTLE"
COCKSPUR FINE RUM 70CL,COCKSPUR FINE RUM 70CL,1,"RUM, WHITE, BOTTLE"
HAVANA CLUB 3 YEAR OLD RUM 70CL,HAVANA CLUB 3 YEAR OLD RUM 70CL,1,"RUM, WHITE, BOTTLE"
HAVANA CLUB ANEJO ESPECIAL RUM 70CL,HAVANA CLUB ANEJO ESPECIAL RUM 70CL,1,"RUM, WHITE, BOTTLE"
HAVANA CLUB RUM ANEJO 7 YEARS OLD 70CL,HAVANA CLUB RUM ANEJO 7 YEARS OLD 70CL,1,"RUM, WHITE, BOTTLE"
LAMB'S NAVY RUM 700ML,LAMB'S NAVY RUM 700ML,1,"RUM, WHITE, BOTTLE"
MALIBU 70CL,MALIBU 70CL,1,"RUM, WHITE, BOTTLE"
MOUNT GAY RUM 70CL,MOUNT GAY RUM 70CL,1,"RUM, WHITE, BOTTLE"
SAILOR JERRY RUM 70CL,SAILOR JERRY RUM 70CL,1,"RUM, WHITE, BOTTLE"
SAILOR JERRY SPICED RUM 35CL,SAILOR JERRY SPICED RUM 35CL,1,"RUM, WHITE, BOTTLE"
SANTA TERESA GRAN RESERVA RUM 70CL,SANTA TERESA GRAN RESERVA RUM 70CL,1,"RUM, WHITE, BOTTLE"
THE KRAKEN BLACK SPICED RUM 700ML,THE KRAKEN BLACK SPICED RUM 700ML,1,"RUM, WHITE, BOTTLE"
A2 WHOLE FRESH MILK 2LITRE,A2 WHOLE FRESH MILK 2LITRE,1,"Shop Milk, whole milk"
BOROUGHFIELDS DAIRY THE ORIGINAL GOLD TOP 1LITRE,BOROUGHFIELDS DAIRY THE ORIGINAL GOLD TOP 1LITRE,1,"Shop Milk, whole milk"
CRAVENDALE FRESH FILTERED WHOLE MILK 1LITRE,CRAVENDALE FRESH FILTERED WHOLE MILK 1LITRE,1,"Shop Milk, whole milk"
CRAVENDALE WHOLE MILK 2LITRE,CRAVENDALE WHOLE MILK 2LITRE,1,"Shop Milk, whole milk"
CRAVENDALE WHOLE MILK 500ML,CRAVENDALE WHOLE MILK 500ML,1,"Shop Milk, whole milk"
DUCHY ORIGINALS ORGANIC FULL CREAM MILK FROM AYRSHIRE COWS 750ML,DUCHY ORIGINALS ORGANIC FULL CREAM MILK FROM AYRSHIRE COWS 750ML,1,"Shop Milk, whole milk"
DUCHY ORIGINALS ORGANIC PASTEURISED WHOLE MILK 1.136LITRE,DUCHY ORIGINALS ORGANIC PASTEURISED WHOLE MILK 1.136LITRE,1,"Shop Milk, whole milk"
DUCHY ORIGINALS ORGANIC PASTEURISED WHOLE MILK 568ML,DUCHY ORIGINALS ORGANIC PASTEURISED WHOLE MILK 568ML,1,"Shop Milk, whole milk"
DUCHY ORIGINALS ORGANIC WHOLE MILK 2.272LITRE,DUCHY ORIGINALS ORGANIC WHOLE MILK 2.272LITRE,1,"Shop Milk, whole milk"
ESSENTIAL WAITROSE WHOLE MILK 3.6% FAT 1 PINT 568ML,ESSENTIAL WAITROSE WHOLE MILK 3.6% FAT 1 PINT 568ML,1,"Shop Milk, whole milk"
ESSENTIAL WAITROSE WHOLE MILK 3.6% FAT 2 PINTS 1.136LITRE,ESSENTIAL WAITROSE WHOLE MILK 3.6% FAT 2 PINTS 1.136LITRE,1,"Shop Milk, whole milk"
ESSENTIAL WAITROSE WHOLE MILK 3.6% FAT 4 PINTS 2.272LITRE,ESSENTIAL WAITROSE WHOLE MILK 3.6% FAT 4 PINTS 2.272LITRE,1,"Shop Milk, whole milk"
ESSENTIAL WAITROSE WHOLE MILK 3.6% FAT 6 PINTS 3.408LITRE,ESSENTIAL WAITROSE WHOLE MILK 3.6% FAT 6 PINTS 3.408LITRE,1,"Shop Milk, whole milk"
JERSEY GOLD SMOOTH 1.136LITRE,JERSEY GOLD SMOOTH 1.136LITRE,1,"Shop Milk, whole milk"
WAITROSE ORGANIC WHOLE MILK 1.136LITRE,WAITROSE ORGANIC WHOLE MILK 1.136LITRE,1,"Shop Milk, whole milk"
WAITROSE ORGANIC WHOLE MILK 2.272LITRE,WAITROSE ORGANIC WHOLE MILK 2.272LITRE,1,"Shop Milk, whole milk"
YEO VALLEY ORGANIC FRESH WHOLE MILK 1LITRE,YEO VALLEY ORGANIC FRESH WHOLE MILK 1LITRE,1,"Shop Milk, whole milk"
YEO VALLEY ORGANIC WHOLE MILK 2LITRE,YEO VALLEY ORGANIC WHOLE MILK 2LITRE,1,"Shop Milk, whole milk"
A2 SEMI SKIMMED FRESH MILK 2LITRE,7 UP FREE 6X330ML,#N/A,"Shop Milk,semi-skimmed, per 2 pints/1.136 litre"
CRAVENDALE FRESH FILTERED SEMI-SKIMMED 1LITRE,CRANKS ORGANIC BREAD WHOLEMEAL 800G,#N/A,"Shop Milk,semi-skimmed, per 2 pints/1.136 litre"
CRAVENDALE SEMI SKIMMED MILK 2LITRE,CRAVENDALE FRESH FILTERED WHOLE MILK 1LITRE,#N/A,"Shop Milk,semi-skimmed, per 2 pints/1.136 litre"
CRAVENDALE SEMI SKIMMED MILK 500ML,CRAVENDALE FRESH FILTERED WHOLE MILK 1LITRE,#N/A,"Shop Milk,semi-skimmed, per 2 pints/1.136 litre"
DUCHY ORIGINALS ORGANIC PASTEURISED SEMI-SKIMMED MILK 568ML,DUCHY ORIGINALS ORGANIC FULL CREAM MILK FROM AYRSHIRE COWS 750ML,#N/A,"Shop Milk,semi-skimmed, per 2 pints/1.136 litre"
DUCHY ORIGINALS ORGANIC SEMI-SKIMMED MILK 1.136LITRE,DUCHY ORIGINALS ORGANIC PASTEURISED WHOLE MILK 568ML,#N/A,"Shop Milk,semi-skimmed, per 2 pints/1.136 litre"
DUCHY ORIGINALS ORGANIC SEMI-SKIMMED MILK 2.272LITRE,DUCHY ORIGINALS ORGANIC PASTEURISED WHOLE MILK 568ML,#N/A,"Shop Milk,semi-skimmed, per 2 pints/1.136 litre"
ESSENTIAL WAITROSE SEMI-SKIMMED MILK 1.7% FAT  4 PINTS 2.272LITRE,ESSENTIAL WAITROSE SEEDLESS GRAPE SELECTION 800G,#N/A,"Shop Milk,semi-skimmed, per 2 pints/1.136 litre"
ESSENTIAL WAITROSE SEMI-SKIMMED MILK 1.7% FAT 1 PINT 568ML,ESSENTIAL WAITROSE SEEDLESS GRAPE SELECTION 800G,#N/A,"Shop Milk,semi-skimmed, per 2 pints/1.136 litre"
ESSENTIAL WAITROSE SEMI-SKIMMED MILK 1.7% FAT 2 PINTS 1.136LITRE,ESSENTIAL WAITROSE SEEDLESS GRAPE SELECTION 800G,#N/A,"Shop Milk,semi-skimmed, per 2 pints/1.136 litre"
ESSENTIAL WAITROSE SEMI-SKIMMED MILK 1.7% FAT 6 PINTS 3.408LITRE,ESSENTIAL WAITROSE SEEDLESS GRAPE SELECTION 800G,#N/A,"Shop Milk,semi-skimmed, per 2 pints/1.136 litre"
WAITROSE ORGANIC SEMI-SKIMMED MILK 1.136LITRE,WAITROSE ORGANIC PINK LADY APPLES MINIMUM 4,#N/A,"Shop Milk,semi-skimmed, per 2 pints/1.136 litre"
WAITROSE ORGANIC SEMI-SKIMMED MILK 2.272LITRE,WAITROSE ORGANIC PINK LADY APPLES MINIMUM 4,#N/A,"Shop Milk,semi-skimmed, per 2 pints/1.136 litre"
WAITROSE ORGANIC SEMI-SKIMMED MILK 3.408LITRE,WAITROSE ORGANIC PINK LADY APPLES MINIMUM 4,#N/A,"Shop Milk,semi-skimmed, per 2 pints/1.136 litre"
YEO VALLEY ORGANIC FRESH SEMI-SKIMMED MILK 1LITRE,WYKE FARMS SIMPLY GORGEOUS VINTAGE CHEDDAR 300G,#N/A,"Shop Milk,semi-skimmed, per 2 pints/1.136 litre"
YEO VALLEY ORGANIC SEMI-SKIMMED MILK 2LITRE,YEO VALLEY ORGANIC FRESH WHOLE MILK 1LITRE,#N/A,"Shop Milk,semi-skimmed, per 2 pints/1.136 litre"
ANCHOR BUTTER 250G 250G,ALTA ITALIA PINOT GRIGIO ITALIAN WHITE WINE 75CL,#N/A,"Spreadable butter, 500g, 40-70% butter content"
ANCHOR UNSALTED BUTTER 250G,ALTA ITALIA PINOT GRIGIO ITALIAN WHITE WINE 75CL,#N/A,"Spreadable butter, 500g, 40-70% butter content"
COUNTRY LIFE BRITISH BUTTER 250G,COPELLA ENGLISH APPLE 750ML,#N/A,"Spreadable butter, 500g, 40-70% butter content"
ESSENTIAL WAITROSE SALTED DAIRY BUTTER 250G,ESSENTIAL WAITROSE RICE POPS 440G,#N/A,"Spreadable butter, 500g, 40-70% butter content"
ESSENTIAL WAITROSE SALTED DAIRY BUTTER 500G,ESSENTIAL WAITROSE RICE POPS 440G,#N/A,"Spreadable butter, 500g, 40-70% butter content"
ESSENTIAL WAITROSE UNSALTED DAIRY BUTTER 250G,ESSENTIAL WAITROSE TOMATOES PER KG,#N/A,"Spreadable butter, 500g, 40-70% butter content"
KERRYGOLD PURE IRISH BUTTER 250G,KELLOGGS ALL BRAN GOLDEN CRUNCH 390G,#N/A,"Spreadable butter, 500g, 40-70% butter content"
LURPAK BUTTER UNSALTED SPREADABLE 500G,LOVE LIFE YOU COUNT TOASTED RICE & WHEAT FLAKES 500G,#N/A,"Spreadable butter, 500g, 40-70% butter content"
LURPAK DANISH SLIGHTLY SALTED BUTTER 250G,LOVE LIFE YOU COUNT TOASTED RICE & WHEAT FLAKES 500G,#N/A,"Spreadable butter, 500g, 40-70% butter content"
LURPAK DANISH UNSALTED BUTTER 250G,LOVE LIFE YOU COUNT TOASTED RICE & WHEAT FLAKES 500G,#N/A,"Spreadable butter, 500g, 40-70% butter content"
LURPAK SLIGHTLY SALTED SPREADABLE 500G,LOVE LIFE YOU COUNT TOASTED RICE & WHEAT FLAKES 500G,#N/A,"Spreadable butter, 500g, 40-70% butter content"
"LURPAK SPREADABLE LIGHTER, UNSALTED 500G",LOVE LIFE YOU COUNT TOASTED RICE & WHEAT FLAKES 500G,#N/A,"Spreadable butter, 500g, 40-70% butter content"
LURPAK SPREADABLE LIGHTEST 500G,LOVE LIFE YOU COUNT TOASTED RICE & WHEAT FLAKES 500G,#N/A,"Spreadable butter, 500g, 40-70% butter content"
LURPAK SPREADABLE SLIGHTLY SALTED 250G,LOVE LIFE YOU COUNT TOASTED RICE & WHEAT FLAKES 500G,#N/A,"Spreadable butter, 500g, 40-70% butter content"
PRESIDENT FRENCH SLIGHTLY SALTED BUTTER 250G,POUILLY FUMÉ AC CHATELAIN 75CL,#N/A,"Spreadable butter, 500g, 40-70% butter content"
PRESIDENT FRENCH UNSALTED BUTTER 250G,POUILLY FUMÉ AC CHATELAIN 75CL,#N/A,"Spreadable butter, 500g, 40-70% butter content"
PRESIDENT SPREADABLE SLIGHTLY SALTED 250G,POUILLY FUMÉ AC CHATELAIN 75CL,#N/A,"Spreadable butter, 500g, 40-70% butter content"
PRESIDENT SPREADABLE UNSALTED 250G,POUILLY FUMÉ AC CHATELAIN 75CL,#N/A,"Spreadable butter, 500g, 40-70% butter content"
RACHEL'S ORGANIC LIGHTLY SALTED BUTTER 250G,RACHEL'S ORGANIC FORBIDDEN FRUITS PEACH YOGURT 150G,#N/A,"Spreadable butter, 500g, 40-70% butter content"
RACHEL'S ORGANIC UNSALTED BUTTER 250G,RACHEL'S ORGANIC TASTE EXPLORERS YOGURT 4X100G,#N/A,"Spreadable butter, 500g, 40-70% butter content"
WAITROSE BRITTANY BUTTER WITH SEA SALT CRYSTALS 250G,WAITROSE BRAEBURN APPLES TRAYPACK 4S,#N/A,"Spreadable butter, 500g, 40-70% butter content"
WAITROSE ENGLISH ORGANIC SALTED BUTTER 250G,WAITROSE COGNAC VSOP 70CL,#N/A,"Spreadable butter, 500g, 40-70% butter content"
YEO VALLEY ORGANIC BUTTER 250G,WYKE FARMS SIMPLY GORGEOUS VINTAGE CHEDDAR 300G,#N/A,"Spreadable butter, 500g, 40-70% butter content"
YEO VALLEY ORGANIC UNSALTED BUTTER 250G,YEO VALLEY ORGANIC FRESH WHOLE MILK 1LITRE,#N/A,"Spreadable butter, 500g, 40-70% butter content"
ESSENTIAL WAITROSE BRITISH STRAWBERRIES 1KG,ESSENTIAL WAITROSE BRITISH STRAWBERRIES 1KG,1,"Strawberries, per kg or per punnet"
ESSENTIAL WAITROSE STRAWBERRIES 400G,ESSENTIAL WAITROSE STRAWBERRIES 400G,1,"Strawberries, per kg or per punnet"
ESSENTIAL WAITROSE STRAWBERRIES 600G,ESSENTIAL WAITROSE STRAWBERRIES 600G,1,"Strawberries, per kg or per punnet"
SPECIALITY STRAWBERRIES 400G,SPECIALITY STRAWBERRIES 400G,1,"Strawberries, per kg or per punnet"
TIPTREE ENGLISH STRAWBERRIES 350G,TIPTREE ENGLISH STRAWBERRIES 350G,1,"Strawberries, per kg or per punnet"
WAITROSE ENGLISH ROSE STRAWBERRIES 300G,WAITROSE ENGLISH ROSE STRAWBERRIES 300G,1,"Strawberries, per kg or per punnet"
WAITROSE ORGANIC STRAWBERRIES 225G,WAITROSE ORGANIC STRAWBERRIES 225G,1,"Strawberries, per kg or per punnet"
CLIPER ORGANIC EVERYDAY TEA 250G,CLIPER ORGANIC EVERYDAY TEA 250G,1,"Tea bags, per packet of 80, 250g"
ESSENTIAL WAITROSE ORIGINAL BLEND DECAFFEINATED TEA - 80 BAGS 250G,ESSENTIAL WAITROSE ORIGINAL BLEND DECAFFEINATED TEA - 80 BAGS 250G,1,"Tea bags, per packet of 80, 250g"
ESSENTIAL WAITROSE ORIGINAL BLEND TEA - 160 ROUND BAGS 500G,ESSENTIAL WAITROSE ORIGINAL BLEND TEA - 160 ROUND BAGS 500G,1,"Tea bags, per packet of 80, 250g"
ESSENTIAL WAITROSE ORIGINAL BLEND TEA - 80 ROUND BAGS 250G,ESSENTIAL WAITROSE ORIGINAL BLEND TEA - 80 ROUND BAGS 250G,1,"Tea bags, per packet of 80, 250g"
PG TIPS 160S PYRAMID TEABAGS 500G,PG TIPS 160S PYRAMID TEABAGS 500G,1,"Tea bags, per packet of 80, 250g"
PG TIPS 240S PYRAMID TEABAGS 750G,PG TIPS 240S PYRAMID TEABAGS 750G,1,"Tea bags, per packet of 80, 250g"
PG TIPS 40S PYRAMID TEABAGS 125G,PG TIPS 40S PYRAMID TEABAGS 125G,1,"Tea bags, per packet of 80, 250g"
PG TIPS 80S PYRAMID TEABAGS 250G,PG TIPS 80S PYRAMID TEABAGS 250G,1,"Tea bags, per packet of 80, 250g"
PG TIPS DECAF 160S PYRAMID TEABAGS 500G,PG TIPS DECAF 160S PYRAMID TEABAGS 500G,1,"Tea bags, per packet of 80, 250g"
TAYLORS OF HARROGATE YORKSHIRE 160 TEA BAGS 500G,TAYLORS OF HARROGATE YORKSHIRE 160 TEA BAGS 500G,1,"Tea bags, per packet of 80, 250g"
TAYLORS OF HARROGATE YORKSHIRE 80 TEA BAGS 250G,TAYLORS OF HARROGATE YORKSHIRE 80 TEA BAGS 250G,1,"Tea bags, per packet of 80, 250g"
TAYLORS OF HARROGATE YORKSHIRE HARD WATER 160 TEA BAGS 500G,TAYLORS OF HARROGATE YORKSHIRE HARD WATER 160 TEA BAGS 500G,1,"Tea bags, per packet of 80, 250g"
TAYLORS OF HARROGATE YORKSHIRE HARD WATER 80 TEA BAGS 250G,TAYLORS OF HARROGATE YORKSHIRE HARD WATER 80 TEA BAGS 250G,1,"Tea bags, per packet of 80, 250g"
TETLEY 160 TEA BAGS 500G,TETLEY 160 TEA BAGS 500G,1,"Tea bags, per packet of 80, 250g"
TETLEY 240 TEA BAGS 750G,TETLEY 240 TEA BAGS 750G,1,"Tea bags, per packet of 80, 250g"
TETLEY ESTATE SELECTION 80 BAGS 232G,TETLEY ESTATE SELECTION 80 BAGS 232G,1,"Tea bags, per packet of 80, 250g"
TWININGS ASSAM 100 TEA BAGS 250G,TWININGS ASSAM 100 TEA BAGS 250G,1,"Tea bags, per packet of 80, 250g"
TWININGS ASSAM 50 TEA BAGS 125G,TWININGS ASSAM 50 TEA BAGS 125G,1,"Tea bags, per packet of 80, 250g"
TWININGS EVERYDAY 240 TEA BAGS 750G,TWININGS EVERYDAY 240 TEA BAGS 750G,1,"Tea bags, per packet of 80, 250g"
TWININGS EVERYDAY 80 TEA BAGS 250G,TWININGS EVERYDAY 80 TEA BAGS 250G,1,"Tea bags, per packet of 80, 250g"
TWININGS LADY GREY 100 TEA BAGS 250G,TWININGS LADY GREY 100 TEA BAGS 250G,1,"Tea bags, per packet of 80, 250g"
WAITROSE ASSAM 50 TEA BAGS 125G,WAITROSE ASSAM 50 TEA BAGS 125G,1,"Tea bags, per packet of 80, 250g"
WAITROSE GOLD ROUND - 160 BAGS 500G,WAITROSE GOLD ROUND - 160 BAGS 500G,1,"Tea bags, per packet of 80, 250g"
WILLIAMSON TRADITIONAL AFTERNOON TEA 125G,WILLIAMSON TRADITIONAL AFTERNOON TEA 125G,1,"Tea bags, per packet of 80, 250g"
ABSOLUT VODKA 1L,ABSOLUT VODKA 1L,1,"Vodka, bottle"
ABSOLUT VODKA 350ML,ABSOLUT VODKA 350ML,1,"Vodka, bottle"
ABSOLUT VODKA 700ML,ABSOLUT VODKA 700ML,1,"Vodka, bottle"
ABSOLUT VODKA CITRON 700ML,ABSOLUT VODKA CITRON 700ML,1,"Vodka, bottle"
ABSOLUT VODKA RASPBERRI 700ML,ABSOLUT VODKA RASPBERRI 700ML,1,"Vodka, bottle"
BELUGA NOBLE VODKA 0.7L,BELUGA NOBLE VODKA 0.7L,1,"Vodka, bottle"
CHASE ENGLISH POTATO VODKA 70CL,CHASE ENGLISH POTATO VODKA 70CL,1,"Vodka, bottle"
FINLANDIA VODKA 70CL,FINLANDIA VODKA 70CL,1,"Vodka, bottle"
GREY GOOSE VODKA 70CL,GREY GOOSE VODKA 70CL,1,"Vodka, bottle"
PINKY BOTANICAL VODKA 70CL,PINKY BOTANICAL VODKA 70CL,1,"Vodka, bottle"
REYKA VODKA 70CL,REYKA VODKA 70CL,1,"Vodka, bottle"
RUSSIAN STANDARD VODKA 1L,RUSSIAN STANDARD VODKA 1L,1,"Vodka, bottle"
RUSSIAN STANDARD VODKA 70CL,RUSSIAN STANDARD VODKA 70CL,1,"Vodka, bottle"
SIPSMITH BARLEY VODKA 70CL,SIPSMITH BARLEY VODKA 70CL,1,"Vodka, bottle"
SMIRNOFF VANILLA VODKA 70CL,SMIRNOFF VANILLA VODKA 70CL,1,"Vodka, bottle"
SMIRNOFF VODKA RED LABEL 1LITRE,SMIRNOFF VODKA RED LABEL 1LITRE,1,"Vodka, bottle"
SMIRNOFF VODKA RED LABEL 350ML,SMIRNOFF VODKA RED LABEL 350ML,1,"Vodka, bottle"
SMIRNOFF VODKA RED LABEL 70CL,SMIRNOFF VODKA RED LABEL 70CL,1,"Vodka, bottle"
SNOW LEOPARD PREMIUM VODKA 70CL,SNOW LEOPARD PREMIUM VODKA 70CL,1,"Vodka, bottle"
STOLICHNAYA VODKA 70CL,STOLICHNAYA VODKA 70CL,1,"Vodka, bottle"
WAITROSE VODKA 1L,WAITROSE VODKA 1L,1,"Vodka, bottle"
WAITROSE VODKA 35CL,WAITROSE VODKA 35CL,1,"Vodka, bottle"
WAITROSE VODKA 70CL,WAITROSE VODKA 70CL,1,"Vodka, bottle"
ZUBROWKA BISON GRASS VODKA 700ML,ZUBROWKA BISON GRASS VODKA 700ML,1,"Vodka, bottle"
ABERLOUR SCOTCH WHISKY 16 YEARS OLD 70CL,ABERLOUR SCOTCH WHISKY 16 YEARS OLD 70CL,1,"Whisky, bottle"
ABERLOUR SPEYSIDE MALT 10 YEARS OLD 70CL,ABERLOUR SPEYSIDE MALT 10 YEARS OLD 70CL,1,"Whisky, bottle"
BELL'S WHISKY 1L,BELL'S WHISKY 1L,1,"Whisky, bottle"
BUNNAHABHAIN 12 YEAR OLD SINGLE MALT WHISKY ISLAY 70CL,BUNNAHABHAIN 12 YEAR OLD SINGLE MALT WHISKY ISLAY 70CL,1,"Whisky, bottle"
DALWHINNIE SCOTCH WHISKY 15 YEARS OLD 70CL,DALWHINNIE SCOTCH WHISKY 15 YEARS OLD 70CL,1,"Whisky, bottle"
GLENFARCLAS 12 YEAR OLD SCOTCH WHISKY HIGHLANDS 700ML,GLENFARCLAS 12 YEAR OLD SCOTCH WHISKY HIGHLANDS 700ML,1,"Whisky, bottle"
GLENFIDDICH 12 YEARS OLD 35CL,GLENFIDDICH 12 YEARS OLD 35CL,1,"Whisky, bottle"
GLENFIDDICH 15 YEAR OLD DISTILLERY EDITION SPEYSIDE 70CL,GLENFIDDICH 15 YEAR OLD DISTILLERY EDITION SPEYSIDE 70CL,1,"Whisky, bottle"
GLENGOYNE 12 YEAR OLD SINGLE MALT WHISKY HIGHLANDS 70CL,GLENGOYNE 12 YEAR OLD SINGLE MALT WHISKY HIGHLANDS 70CL,1,"Whisky, bottle"
GLENROTHES SELECT RESERVE SINGLE MALT WHISKY SPEYSIDE 700ML,GLENROTHES SELECT RESERVE SINGLE MALT WHISKY SPEYSIDE 700ML,1,"Whisky, bottle"
HIGHLAND PARK 12 YEAR OLD 70CL,HIGHLAND PARK 12 YEAR OLD 70CL,1,"Whisky, bottle"
ISLE OF JURA ``SUPERSTITION`` 70CL,ISLE OF JURA ``SUPERSTITION`` 70CL,1,"Whisky, bottle"
LAPHROAIG 10 YEAR OLD MALT WHISKY 70CL,LAPHROAIG 10 YEAR OLD MALT WHISKY 70CL,1,"Whisky, bottle"
LAPHROAIG QUARTER CASK 70CL,LAPHROAIG QUARTER CASK 70CL,1,"Whisky, bottle"
OLD PULTENEY SINGLE MALT WHISKY 12 YEARS OLD 70CL,OLD PULTENEY SINGLE MALT WHISKY 12 YEARS OLD 70CL,1,"Whisky, bottle"
TALISKER 10 YEAR OLD MALT 70CL,TALISKER 10 YEAR OLD MALT 70CL,1,"Whisky, bottle"
THE BALVENIE DOUBLEWOOD 70CL,THE BALVENIE DOUBLEWOOD 70CL,1,"Whisky, bottle"
THE BLACK GROUSE SCOTCH WHISKY 70CL,THE BLACK GROUSE SCOTCH WHISKY 70CL,1,"Whisky, bottle"
THE FAMOUS GROUSE SCOTCH WHISKY 1LITRE,THE FAMOUS GROUSE SCOTCH WHISKY 1LITRE,1,"Whisky, bottle"
THE FAMOUS GROUSE SCOTCH WHISKY 70CL,THE FAMOUS GROUSE SCOTCH WHISKY 70CL,1,"Whisky, bottle"
THE FAMOUS JUBILLEE 70CL,THE FAMOUS JUBILLEE 70CL,1,"Whisky, bottle"
THE GLENLIVET 12 YEAR OLD SINGLE MALT 35CL,THE GLENLIVET 12 YEAR OLD SINGLE MALT 35CL,1,"Whisky, bottle"
THE GLENLIVET SINGLE MALT WHISKY 12 YEARS OLD 70CL,THE GLENLIVET SINGLE MALT WHISKY 12 YEARS OLD 70CL,1,"Whisky, bottle"
THE MACALLAN GOLD SINGLE MALT WHISKY HIGHLANDS 700ML,THE MACALLAN GOLD SINGLE MALT WHISKY HIGHLANDS 700ML,1,"Whisky, bottle"
ESSENTIAL WAITROSE WHITE MEDIUM SLICED BREAD 800G,ESSENTIAL WAITROSE WHITE MEDIUM SLICED BREAD 800G,1,"White Sliced Loaf, branded"
ESSENTIAL WAITROSE WHITE THICK SLICED BREAD 800G,ESSENTIAL WAITROSE WHITE THICK SLICED BREAD 800G,1,"White Sliced Loaf, branded"
HOVIS SOFT WHITE MEDIUM BREAD 800G,HOVIS SOFT WHITE MEDIUM BREAD 800G,1,"White Sliced Loaf, branded"
HOVIS SOFT WHITE THICK 800G,HOVIS SOFT WHITE THICK 800G,1,"White Sliced Loaf, branded"
KINGSMILL EVERYDAY WHITE MEDIUM SLICED BREAD 800G,KINGSMILL EVERYDAY WHITE MEDIUM SLICED BREAD 800G,1,"White Sliced Loaf, branded"
KINGSMILL EVERYDAY WHITE THICK BREAD 800G,KINGSMILL EVERYDAY WHITE THICK BREAD 800G,1,"White Sliced Loaf, branded"
KINGSMILL GREAT WHITE MEDIUM 750G,KINGSMILL GREAT WHITE MEDIUM 750G,1,"White Sliced Loaf, branded"
STONEBAKED SPELT BREAD 400G,STONEBAKED SPELT BREAD 400G,1,"White Sliced Loaf, branded"
WAITROSE FARMHOUSE CRUSTY WHITE BATCH LOAF 800G,WAITROSE FARMHOUSE CRUSTY WHITE BATCH LOAF 800G,1,"White Sliced Loaf, branded"
WAITROSE SOFT WHITE FARMHOUSE BATCH 800G,WAITROSE SOFT WHITE FARMHOUSE BATCH 800G,1,"White Sliced Loaf, branded"
WAITROSE SOFT WHITE MEDIUM SLICED 800G,WAITROSE SOFT WHITE MEDIUM SLICED 800G,1,"White Sliced Loaf, branded"
WAITROSE SOFT WHITE MEDIUM SLICED BREAD 400G,WAITROSE SOFT WHITE MEDIUM SLICED BREAD 400G,1,"White Sliced Loaf, branded"
WAITROSE SOFT WHITE THICK SLICED BREAD 800G,WAITROSE SOFT WHITE THICK SLICED BREAD 800G,1,"White Sliced Loaf, branded"
WAITROSE TIGER BLOOMER 800G,WAITROSE TIGER BLOOMER 800G,1,"White Sliced Loaf, branded"
WAITROSE WHITE FARMHOUSE LOAF 400G,WAITROSE WHITE FARMHOUSE LOAF 400G,1,"White Sliced Loaf, branded"
WAITROSE WHITE LONG SPLIT TIN BREAD 800G,WAITROSE WHITE LONG SPLIT TIN BREAD 800G,1,"White Sliced Loaf, branded"
WAITROSE WHITE SANDWICH LOAF 800G,WAITROSE WHITE SANDWICH LOAF 800G,1,"White Sliced Loaf, branded"
WARBURTONS DANISH 400G,WARBURTONS DANISH 400G,1,"White Sliced Loaf, branded"
WARBURTONS MEDIUM SLICED WHITE BREAD 400G,WARBURTONS MEDIUM SLICED WHITE BREAD 400G,1,"White Sliced Loaf, branded"
WARBURTONS MEDIUM SLICED WHITE BREAD 800G,WARBURTONS MEDIUM SLICED WHITE BREAD 800G,1,"White Sliced Loaf, branded"
WARBURTONS SOFT WHITE BREAD SLICED FARMHOUSE 400G,WARBURTONS SOFT WHITE BREAD SLICED FARMHOUSE 400G,1,"White Sliced Loaf, branded"
WARBURTONS SOFT WHITE SLICED FARMHOUSE BREAD 800G,WARBURTONS SOFT WHITE SLICED FARMHOUSE BREAD 800G,1,"White Sliced Loaf, branded"
WARBURTONS THICK SLICED WHITE TOASTIE BREAD 400G,WARBURTONS THICK SLICED WHITE TOASTIE BREAD 400G,1,"White Sliced Loaf, branded"
WARBURTONS THICK SLICED WHITE TOASTIE BREAD 800G,WARBURTONS THICK SLICED WHITE TOASTIE BREAD 800G,1,"White Sliced Loaf, branded"
ALTA ITALIA PINOT GRIGIO ITALIAN WHITE WINE 75CL,ALTA ITALIA PINOT GRIGIO ITALIAN WHITE WINE 75CL,1,"White Wine, European, bottle"
CANALETTO PINOT GRIGIO ITALIAN WHITE WINE 75CL,CANALETTO PINOT GRIGIO ITALIAN WHITE WINE 75CL,1,"White Wine, European, bottle"
"CHAMPTELOUP MUSCADET SÈVRE ET MAINE LOIRE, FRANCE 75CL","CHAMPTELOUP MUSCADET SÈVRE ET MAINE LOIRE, FRANCE 75CL",1,"White Wine, European, bottle"
"CHAPEL DOWN FLINT DRY KENT, ENGLAND 75CL","CHAPEL DOWN FLINT DRY KENT, ENGLAND 75CL",1,"White Wine, European, bottle"
ERRAZURIZ ESTATE SAUVIGNON BLANC 75CL,ERRAZURIZ ESTATE SAUVIGNON BLANC 75CL,1,"White Wine, European, bottle"
FIRST PRESS CHARDONNAY 75CL,FIRST PRESS CHARDONNAY 75CL,1,"White Wine, European, bottle"
HARDYS ENDEAVOUR CHARDONNAY AUSTRALIAN WHITE WINE 75CL,HARDYS ENDEAVOUR CHARDONNAY AUSTRALIAN WHITE WINE 75CL,1,"White Wine, European, bottle"
LA MONETTA GAVI DI GAVI ITALIAN WHITE WINE 75CL,LA MONETTA GAVI DI GAVI ITALIAN WHITE WINE 75CL,1,"White Wine, European, bottle"
LAVIS STORIE DI VITE PINOT GRIGIO ITALIAN WHITE WINE 75CL,LAVIS STORIE DI VITE PINOT GRIGIO ITALIAN WHITE WINE 75CL,1,"White Wine, European, bottle"
MACON VILLAGES CHAPELLE LES LOUPS FRENCH WHITE WINE 75CL,MACON VILLAGES CHAPELLE LES LOUPS FRENCH WHITE WINE 75CL,1,"White Wine, European, bottle"
MONCARO VERDICCHIO DEI CASTELLI DI JESI CLASSICO MARCHE ITALIAN WHITE WINE 75CL,MONCARO VERDICCHIO DEI CASTELLI DI JESI CLASSICO MARCHE ITALIAN WHITE WINE 75CL,1,"White Wine, European, bottle"
OYSTER BAY SAUVIGNON BLANC NEW ZEALAND WHITE WINE 75CL,OYSTER BAY SAUVIGNON BLANC NEW ZEALAND WHITE WINE 75CL,1,"White Wine, European, bottle"
PAUL MAS VIOGNIER SAUVIGNON BLANC FRENCH WHITE WINE 75CL,PAUL MAS VIOGNIER SAUVIGNON BLANC FRENCH WHITE WINE 75CL,1,"White Wine, European, bottle"
PORCUPINE RIDGE SAUVIGNON BLANC SOUTH AFRICAN WHITE WINE 75CL,PORCUPINE RIDGE SAUVIGNON BLANC SOUTH AFRICAN WHITE WINE 75CL,1,"White Wine, European, bottle"
POUILLY FUMÉ AC CHATELAIN 75CL,POUILLY FUMÉ AC CHATELAIN 75CL,1,"White Wine, European, bottle"
QUINTA DE AZEVEDO VINHO VERDE 75CL,QUINTA DE AZEVEDO VINHO VERDE 75CL,1,"White Wine, European, bottle"
RIVERPATH SAUVIGNON BLANC NEW ZEALAND WHITE WINE 75CL,RIVERPATH SAUVIGNON BLANC NEW ZEALAND WHITE WINE 75CL,1,"White Wine, European, bottle"
VILLA MARIA PB SAUVIGNON BLANC NEW ZEALAND WHITE WINE 75CL,VILLA MARIA PB SAUVIGNON BLANC NEW ZEALAND WHITE WINE 75CL,1,"White Wine, European, bottle"
WAITROSE CHILEAN SAUVIGNON BLANC 75CL,WAITROSE CHILEAN SAUVIGNON BLANC 75CL,1,"White Wine, European, bottle"
WAITROSE FAIRTRADE CHENIN BLANC SOUTH AFRICAN WHITE WINE 75CL,WAITROSE FAIRTRADE CHENIN BLANC SOUTH AFRICAN WHITE WINE 75CL,1,"White Wine, European, bottle"
WAITROSE HUNGARIAN PINOT GRIGIO 75CL,WAITROSE HUNGARIAN PINOT GRIGIO 75CL,1,"White Wine, European, bottle"
WAITROSE SAUVIGNON BLANC SOUTHERN FRENCH WHITE WINE 75CL,WAITROSE SAUVIGNON BLANC SOUTHERN FRENCH WHITE WINE 75CL,1,"White Wine, European, bottle"
WOLF BLASS YELLOW LABEL CHARDONNAY AUSTRALIAN WHITE WINE 75CL,WOLF BLASS YELLOW LABEL CHARDONNAY AUSTRALIAN WHITE WINE 75CL,1,"White Wine, European, bottle"
WR SANCERRE LA FRANCHOTTE FRENCH WHITE WINE 75CL,WR SANCERRE LA FRANCHOTTE FRENCH WHITE WINE 75CL,1,"White Wine, European, bottle"
ALLINSON WHOLEMEAL BATCH 800G,ALLINSON WHOLEMEAL BATCH 800G,1,"Wholemeal Sliced Loaf, branded"
CRANKS ORGANIC BREAD WHOLEMEAL 800G,CRANKS ORGANIC BREAD WHOLEMEAL 800G,1,"Wholemeal Sliced Loaf, branded"
ESSENTIAL WAITROSE THIN SLICED BROWN BREAD 800G,ESSENTIAL WAITROSE THIN SLICED BROWN BREAD 800G,1,"Wholemeal Sliced Loaf, branded"
ESSENTIAL WAITROSE WHOLEMEAL MEDIUM SLICED BREAD 800G,ESSENTIAL WAITROSE WHOLEMEAL MEDIUM SLICED BREAD 800G,1,"Wholemeal Sliced Loaf, branded"
HOVIS BROWN ORIGINAL WHEATGERM SLICED BREAD 400G,HOVIS BROWN ORIGINAL WHEATGERM SLICED BREAD 400G,1,"Wholemeal Sliced Loaf, branded"
HOVIS WHOLEMEAL BREAD MEDIUM SLICED BREAD 800G,HOVIS WHOLEMEAL BREAD MEDIUM SLICED BREAD 800G,1,"Wholemeal Sliced Loaf, branded"
HOVIS WHOLEMEAL SLICED BREAD 400G,HOVIS WHOLEMEAL SLICED BREAD 400G,1,"Wholemeal Sliced Loaf, branded"
HOVIS WHOLEMEAL THICK 800G,HOVIS WHOLEMEAL THICK 800G,1,"Wholemeal Sliced Loaf, branded"
KINGSMILL WHOLEMEAL MEDIUM 800G,KINGSMILL WHOLEMEAL MEDIUM 800G,1,"Wholemeal Sliced Loaf, branded"
ORGANIC BROWN LOAF 400G,ORGANIC BROWN LOAF 400G,1,"Wholemeal Sliced Loaf, branded"
VOGELS WHOLEMEAL & OAT LOAF 800G,VOGELS WHOLEMEAL & OAT LOAF 800G,1,"Wholemeal Sliced Loaf, branded"
WAITROSE FARMHOUSE WHOLEMEAL LOAF 400G,WAITROSE FARMHOUSE WHOLEMEAL LOAF 400G,1,"Wholemeal Sliced Loaf, branded"
WAITROSE HEYFORD WHOLEMEAL BREAD 400G,WAITROSE HEYFORD WHOLEMEAL BREAD 400G,1,"Wholemeal Sliced Loaf, branded"
WAITROSE HEYFORD WHOLEMEAL BREAD 800G,WAITROSE HEYFORD WHOLEMEAL BREAD 800G,1,"Wholemeal Sliced Loaf, branded"
WAITROSE LOVE LIFE HEYFORD SLICED BLOOMER 400G,WAITROSE LOVE LIFE HEYFORD SLICED BLOOMER 400G,1,"Wholemeal Sliced Loaf, branded"
WAITROSE LOVE LIFE STONEGROUND WHOLEMEAL MEDIUM SLICED BREAD 400G,WAITROSE LOVE LIFE STONEGROUND WHOLEMEAL MEDIUM SLICED BREAD 400G,1,"Wholemeal Sliced Loaf, branded"
WAITROSE LOVE LIFE STONEGROUND WHOLEMEAL MEDIUM SLICED BREAD 800G,WAITROSE LOVE LIFE STONEGROUND WHOLEMEAL MEDIUM SLICED BREAD 800G,1,"Wholemeal Sliced Loaf, branded"
WAITROSE LOVE LIFE STONEGROUND WHOLEMEAL THICK SLICED BREAD 800G,WAITROSE LOVE LIFE STONEGROUND WHOLEMEAL THICK SLICED BREAD 800G,1,"Wholemeal Sliced Loaf, branded"
WAITROSE LOVE LIFE WHOLEMEAL FARMHOUSE BATCH 800G,WAITROSE LOVE LIFE WHOLEMEAL FARMHOUSE BATCH 800G,1,"Wholemeal Sliced Loaf, branded"
WAITROSE ORGANIC WHOLEGRAIN FARMHOUSE LOAF 400G,WAITROSE ORGANIC WHOLEGRAIN FARMHOUSE LOAF 400G,1,"Wholemeal Sliced Loaf, branded"
WAITROSE WHOLEMEAL LONG TIN LOAF 800G,WAITROSE WHOLEMEAL LONG TIN LOAF 800G,1,"Wholemeal Sliced Loaf, branded"
WARBURTONS GLUTEN & WHEAT FREE SLICED BROWN BREAD 400G,WARBURTONS GLUTEN & WHEAT FREE SLICED BROWN BREAD 400G,1,"Wholemeal Sliced Loaf, branded"
WARBURTONS WHOLEMEAL 400G,WARBURTONS WHOLEMEAL 400G,1,"Wholemeal Sliced Loaf, branded"
WARBURTONS WHOLEMEAL SLICED BREAD 800G,WARBURTONS WHOLEMEAL SLICED BREAD 800G,1,"Wholemeal Sliced Loaf, branded"
DUCHY ORIGINALS FROM WAITROSE ORGANIC BLACKBERRY & APPLE YOGHURT 140G,DUCHY ORIGINALS FROM WAITROSE ORGANIC BLACKBERRY & APPLE YOGHURT 140G,1,"Yoghurt, small individual"
DUCHY ORIGINALS FROM WAITROSE ORGANIC BLACKCURRANT YOGHURT 140G,DUCHY ORIGINALS FROM WAITROSE ORGANIC BLACKCURRANT YOGHURT 140G,1,"Yoghurt, small individual"
DUCHY ORIGINALS FROM WAITROSE ORGANIC ENGLISH BUTTERSCOTCH YOGHURT 140G,DUCHY ORIGINALS FROM WAITROSE ORGANIC ENGLISH BUTTERSCOTCH YOGHURT 140G,1,"Yoghurt, small individual"
DUCHY ORIGINALS FROM WAITROSE ORGANIC RHUBARB YOGHURT 140G,DUCHY ORIGINALS FROM WAITROSE ORGANIC RHUBARB YOGHURT 140G,1,"Yoghurt, small individual"
DUCHY ORIGINALS FROM WAITROSE ORGANIC STRAWBERRY YOGHURT 140G,DUCHY ORIGINALS FROM WAITROSE ORGANIC STRAWBERRY YOGHURT 140G,1,"Yoghurt, small individual"
RACHEL'S ORGANIC FORBIDDEN FRUITS CHERRY YOGURT 150G,RACHEL'S ORGANIC FORBIDDEN FRUITS CHERRY YOGURT 150G,1,"Yoghurt, small individual"
RACHEL'S ORGANIC FORBIDDEN FRUITS PEACH YOGURT 150G,RACHEL'S ORGANIC FORBIDDEN FRUITS PEACH YOGURT 150G,1,"Yoghurt, small individual"
STAPLETON GOOSEBERRY YOGURT 150G,STAPLETON GOOSEBERRY YOGURT 150G,1,"Yoghurt, small individual"
STAPLETON LOW FAT NECTARINE YOGURT 150G,STAPLETON LOW FAT NECTARINE YOGURT 150G,1,"Yoghurt, small individual"
STAPLETON LOW FAT SWEET & SOUR CHERRY YOGURT 150G,STAPLETON LOW FAT SWEET & SOUR CHERRY YOGURT 150G,1,"Yoghurt, small individual"
STAPLETON RASPBERRY LOW FAT YOGURT 150G,STAPLETON RASPBERRY LOW FAT YOGURT 150G,1,"Yoghurt, small individual"
THE COLLECTIVE DAIRY BANOFFI YOGHURT 150G,THE COLLECTIVE DAIRY BANOFFI YOGHURT 150G,1,"Yoghurt, small individual"
THE COLLECTIVE DAIRY COCONUT & LIME YOGHURT 150G,THE COLLECTIVE DAIRY COCONUT & LIME YOGHURT 150G,1,"Yoghurt, small individual"
THE COLLECTIVE DAIRY LIMITED EDITION YOGHURT 150G,THE COLLECTIVE DAIRY LIMITED EDITION YOGHURT 150G,1,"Yoghurt, small individual"
THE COLLECTIVE DAIRY PASSIONFRUIT YOGHURT 150G,THE COLLECTIVE DAIRY PASSIONFRUIT YOGHURT 150G,1,"Yoghurt, small individual"
THE COLLECTIVE DAIRY STRAIGHT UP YOGHURT 150G,THE COLLECTIVE DAIRY STRAIGHT UP YOGHURT 150G,1,"Yoghurt, small individual"
WAITROSE BLACK CHERRY YOGURT 150G,WAITROSE BLACK CHERRY YOGURT 150G,1,"Yoghurt, small individual"
WAITROSE CHAMPAGNE RHUBARB YOGURT 150G,WAITROSE CHAMPAGNE RHUBARB YOGURT 150G,1,"Yoghurt, small individual"
WAITROSE GOOSEBERRY & ELDERFLOWER YOGURT 150G,WAITROSE GOOSEBERRY & ELDERFLOWER YOGURT 150G,1,"Yoghurt, small individual"
WAITROSE HONEY & STEM GINGER YOGURT 150G,WAITROSE HONEY & STEM GINGER YOGURT 150G,1,"Yoghurt, small individual"
WAITROSE LEMON CURD YOGURT 150G,WAITROSE LEMON CURD YOGURT 150G,1,"Yoghurt, small individual"
WAITROSE MADAGASCAN VANILLA YOGURT 150G,WAITROSE MADAGASCAN VANILLA YOGURT 150G,1,"Yoghurt, small individual"
WAITROSE SCOTTISH RASPBERRY YOGURT 150G,WAITROSE SCOTTISH RASPBERRY YOGURT 150G,1,"Yoghurt, small individual"
WAITROSE STRAWBERRY YOGURT 150G,WAITROSE STRAWBERRY YOGURT 150G,1,"Yoghurt, small individual"
GO FRU STRAWBERRY & YOGURT 90G,GO FRU STRAWBERRY & YOGURT 90G,1,Yoghurt/Fromage Frais
LITTLE YEOS 4 ORGANIC FRUITY FAVOURITES YOGURTS 4X90G,LITTLE YEOS 4 ORGANIC FRUITY FAVOURITES YOGURTS 4X90G,1,Yoghurt/Fromage Frais
LITTLE YEOS 4 ORGANIC FRUITY FAVOURITES YOGURTS 9X40G,LITTLE YEOS 4 ORGANIC FRUITY FAVOURITES YOGURTS 9X40G,1,Yoghurt/Fromage Frais
LITTLE YEOS 6 ORGANIC MERRY BERRIES FROMAGE FRAIS 6X45G,LITTLE YEOS 6 ORGANIC MERRY BERRIES FROMAGE FRAIS 6X45G,1,Yoghurt/Fromage Frais
LITTLE YEOS 6 ORGANIC STRAWBERRY & VANILLA MANGO & VANILLA YOGURTS 6X45G,LITTLE YEOS 6 ORGANIC STRAWBERRY & VANILLA MANGO & VANILLA YOGURTS 6X45G,1,Yoghurt/Fromage Frais
LITTLE YEOS MELLOW YELLOWS FROMAGE FRAIS 6X45G,LITTLE YEOS MELLOW YELLOWS FROMAGE FRAIS 6X45G,1,Yoghurt/Fromage Frais
MUNCH BUNCH DOUBLE UP STRAWBERRY & RASPBERRY FROMAGE FRAIS 4X85G,MUNCH BUNCH DOUBLE UP STRAWBERRY & RASPBERRY FROMAGE FRAIS 4X85G,1,Yoghurt/Fromage Frais
MUNCH BUNCH DOUBLE UP STRAWBERRY & VANILLA FROMAGE FRAIS 4X85G,MUNCH BUNCH DOUBLE UP STRAWBERRY & VANILLA FROMAGE FRAIS 4X85G,1,Yoghurt/Fromage Frais
MUNCH BUNCH SQUASHUMS STRAWBERRY & RASPBERRY FROMAGE FRAIS POUCH 4X80G,MUNCH BUNCH SQUASHUMS STRAWBERRY & RASPBERRY FROMAGE FRAIS POUCH 4X80G,1,Yoghurt/Fromage Frais
MUNCH BUNCH SQUASHUMS STRAWBERRY & RASPBERRY YOGURT 6X60G,MUNCH BUNCH SQUASHUMS STRAWBERRY & RASPBERRY YOGURT 6X60G,1,Yoghurt/Fromage Frais
MUNCH BUNCH SQUASHUMS STRAWBERRY YOGURT 6X60G,MUNCH BUNCH SQUASHUMS STRAWBERRY YOGURT 6X60G,1,Yoghurt/Fromage Frais
PETITS FILOUS CHOCOLATE & VANILLA LITTLE DESSERTS 6X55G,PETITS FILOUS CHOCOLATE & VANILLA LITTLE DESSERTS 6X55G,1,Yoghurt/Fromage Frais
PETITS FILOUS FRUBES FROMAGE FRAIS TUBES 9X40G,PETITS FILOUS FRUBES FROMAGE FRAIS TUBES 9X40G,1,Yoghurt/Fromage Frais
PETITS FILOUS FRUBES LIMITED EDITION VANILLA & STRAWBERRY FROMAGE FRAIS TUBES 9X40G,PETITS FILOUS FRUBES LIMITED EDITION VANILLA & STRAWBERRY FROMAGE FRAIS TUBES 9X40G,1,Yoghurt/Fromage Frais
PETITS FILOUS FRUBES STRAWBERRY FROMAGE FRAIS TUBES 9X40G,PETITS FILOUS FRUBES STRAWBERRY FROMAGE FRAIS TUBES 9X40G,1,Yoghurt/Fromage Frais
PETITS FILOUS STRAWBERRY & APRICOT FROMAGE FRAIS 6X47G,PETITS FILOUS STRAWBERRY & APRICOT FROMAGE FRAIS 6X47G,1,Yoghurt/Fromage Frais
PETITS FILOUS STRAWBERRY & PEACH GREEK STYLE FRUIT LAYERS 6X55G,PETITS FILOUS STRAWBERRY & PEACH GREEK STYLE FRUIT LAYERS 6X55G,1,Yoghurt/Fromage Frais
PETITS FILOUS STRAWBERRY & RASPBERRY FROMAGE FRAIS 6X47G,PETITS FILOUS STRAWBERRY & RASPBERRY FROMAGE FRAIS 6X47G,1,Yoghurt/Fromage Frais
RACHEL'S ORGANIC MY FIRST YOGURT 4X90G,RACHEL'S ORGANIC MY FIRST YOGURT 4X90G,1,Yoghurt/Fromage Frais
RACHEL'S ORGANIC TASTE EXPLORERS YOGURT 4X100G,RACHEL'S ORGANIC TASTE EXPLORERS YOGURT 4X100G,1,Yoghurt/Fromage Frais
THE COLLECTIVE KIWI & APPLE & PEAR SUCKIES 100G,THE COLLECTIVE KIWI & APPLE & PEAR SUCKIES 100G,1,Yoghurt/Fromage Frais
THE COLLECTIVE PEACH & APRICOT SUCKIES 100G,THE COLLECTIVE PEACH & APRICOT SUCKIES 100G,1,Yoghurt/Fromage Frais
THE COLLECTIVE SASSY STRAWBERRY SUCKIES 100G,THE COLLECTIVE SASSY STRAWBERRY SUCKIES 100G,1,Yoghurt/Fromage Frais
THE COLLECTIVE SUNKISSED TROPICAL SUCKIES 100G,THE COLLECTIVE SUNKISSED TROPICAL SUCKIES 100G,1,Yoghurt/Fromage Frais
